account_id,customer_id,branch_id,account_type,account_status,opened_date,closed_date,currency,balance,interest_rate,overdraft_limit,is_joint_account,account_manager_id
1,39,125,Fixed Deposit,Active,2021-02-05,,USD,236471.83,4.2,0,0,21
2,660,419,Salary,Active,2026-05-02,,USD,43979.32,3.74,0,0,15
3,751,175,Savings,Active,2024-04-14,,USD,1960.37,5.09,0,0,15
4,623,463,Savings,Active,2025-03-29,,USD,19627.42,0.53,500,0,13
5,54,336,Fixed Deposit,Closed,2017-01-15,2021-11-21,USD,31433.97,1.37,1000,0,14
6,242,268,Savings,Active,2018-05-22,,USD,13671.57,4.11,0,0,39
7,255,159,Savings,Active,2021-12-29,,USD,28419.97,1.86,500,0,24
8,408,201,Savings,Active,2016-01-01,,USD,22490.81,4.17,0,0,31
9,21,406,Savings,Dormant,2023-04-03,,USD,34028.05,5.11,1000,0,36
10,745,91,Savings,Active,2025-09-25,,USD,20138.94,2.38,1000,0,22
11,140,381,Current,Active,2023-11-05,,USD,8127.97,0.56,1000,0,24
12,504,215,Fixed Deposit,Closed,2021-10-17,2022-08-05,USD,242624.63,2.37,500,0,38
13,73,218,Salary,Closed,2023-09-11,2026-08-11,USD,5163.73,5.16,0,0,28
14,262,410,Fixed Deposit,Active,2021-12-14,,USD,127426.61,2.94,2000,0,4
15,667,205,Fixed Deposit,Active,2022-12-13,,USD,60626.1,0.67,0,0,2
16,715,353,Current,Active,2018-01-02,,USD,20223.92,3.91,0,0,38
17,679,447,Savings,Active,2024-07-25,,USD,3699.91,4.06,500,0,38
18,83,274,Fixed Deposit,Dormant,2018-06-09,,USD,41497.61,2.63,2000,0,35
19,675,470,Savings,Active,2016-06-20,,USD,18228.21,4.88,2000,1,7
20,652,304,Salary,Active,2017-11-13,,USD,5993.46,4.24,2000,0,20
21,7,88,Salary,Active,2024-08-12,,USD,2677.79,3.98,1000,0,19
22,751,229,Savings,Active,2018-01-21,,USD,31534.15,1.49,0,0,8
23,462,300,Salary,Active,2019-01-27,,USD,2183.68,1.41,0,0,27
24,452,332,Fixed Deposit,Active,2016-08-21,,USD,159126.59,0.9,0,0,18
25,66,182,Savings,Active,2020-09-05,,USD,21576.34,4.3,0,0,1
26,682,309,Salary,Active,2022-06-11,,USD,9103.61,4.46,500,0,18
27,498,251,Salary,Active,2016-04-29,,USD,14813.03,3.91,0,1,16
28,370,353,Savings,Active,2023-07-23,,USD,43876.38,4.87,0,0,26
29,743,444,Salary,Active,2023-07-17,,USD,26886.87,4.85,0,1,16
30,378,240,Current,Active,2019-10-26,,USD,21121.57,2.57,0,0,21
31,18,336,Savings,Active,2023-11-18,,USD,36243.88,2.13,500,0,32
32,410,394,Current,Active,2023-12-05,,USD,18970.19,5.16,500,1,7
33,752,205,Savings,Active,2024-09-10,,USD,6013.85,3.1,1000,0,33
34,33,67,Current,Active,2020-06-30,,USD,37372.11,5.48,500,0,29
35,119,255,Current,Active,2023-03-01,,USD,9129.66,4.27,2000,0,7
36,446,381,Savings,Closed,2024-09-06,2024-12-30,USD,14355.79,2.42,0,0,17
37,682,252,Fixed Deposit,Active,2019-12-09,,USD,166385.82,5.11,2000,0,6
38,709,176,Salary,Closed,2017-10-13,2018-02-03,USD,34368.35,3.5,2000,0,25
39,670,341,Salary,Closed,2017-10-28,2025-04-11,USD,19381.78,1.67,0,0,6
40,115,47,Savings,Active,2020-05-18,,USD,8061.11,5.21,1000,0,21
41,390,306,Salary,Active,2016-11-18,,USD,26347.72,1.45,500,1,21
42,790,194,Salary,Closed,2017-08-22,2018-04-20,USD,5246.99,3.82,1000,0,26
43,10,284,Salary,Active,2020-04-27,,USD,36634.73,1.98,0,0,30
44,151,318,Savings,Active,2020-07-11,,USD,38135.3,4.64,0,0,20
45,515,365,Savings,Closed,2023-04-15,2023-11-06,USD,31646.76,2.89,0,0,25
46,61,431,Savings,Dormant,2023-06-07,,USD,9082.9,4.16,0,0,4
47,795,93,Salary,Active,2023-06-07,,USD,13109.13,4.58,0,1,36
48,402,178,Savings,Active,2025-03-16,,USD,15347.98,2.46,0,0,19
49,290,369,Fixed Deposit,Active,2021-07-12,,USD,137025.11,0.99,0,0,38
50,56,452,Fixed Deposit,Active,2025-05-20,,USD,163675.76,3.39,500,0,19
51,149,111,Savings,Active,2022-02-28,,USD,32957.01,0.55,2000,1,7
52,695,419,Fixed Deposit,Active,2026-01-07,,USD,237602.02,2.64,0,1,7
53,365,251,Savings,Active,2022-02-05,,USD,44102.59,3.75,1000,0,10
54,643,384,Savings,Active,2019-06-09,,USD,10458.92,2.94,2000,0,12
55,669,397,Savings,Active,2020-09-19,,USD,35687.3,3.79,500,1,25
56,282,335,Current,Active,2024-08-18,,USD,4960.02,0.91,500,0,33
57,231,12,Current,Closed,2022-03-10,2025-02-22,USD,21317.18,3.97,0,0,12
58,394,256,Fixed Deposit,Active,2018-03-31,,USD,74625.92,1.13,0,0,35
59,190,215,Salary,Active,2020-09-04,,USD,24800.74,3.18,1000,0,34
60,599,284,Salary,Active,2017-10-16,,USD,5146.06,4.26,2000,1,12
61,614,368,Savings,Active,2024-09-17,,USD,35923.34,1.12,0,0,11
62,90,297,Savings,Active,2020-08-20,,USD,3349.77,1.12,0,0,35
63,176,225,Fixed Deposit,Active,2019-04-16,,USD,62121.85,0.73,1000,1,19
64,675,282,Savings,Active,2022-04-25,,USD,31127.12,3.11,0,0,33
65,215,365,Savings,Dormant,2025-08-24,,USD,10288.07,1.44,0,1,14
66,138,319,Current,Active,2024-04-24,,USD,12121.51,4.15,500,0,17
67,267,203,Current,Active,2024-09-13,,USD,20251.08,5.22,2000,0,10
68,549,108,Savings,Active,2018-01-16,,USD,44788.85,3.98,0,0,37
69,674,344,Salary,Active,2019-01-29,,USD,18595.73,1.27,500,0,39
70,254,41,Savings,Active,2024-01-17,,USD,30621.06,2.53,0,0,24
71,342,415,Savings,Dormant,2020-11-03,,USD,9772.33,0.55,500,1,15
72,388,55,Salary,Active,2016-12-12,,USD,23454.64,4.88,1000,0,32
73,98,279,Savings,Active,2022-01-20,,USD,12330.85,1.86,0,1,11
74,326,400,Savings,Active,2024-04-18,,USD,33229.02,5.34,1000,0,26
75,489,314,Savings,Active,2017-04-27,,USD,22867.23,1.28,0,0,37
76,754,140,Savings,Active,2016-07-23,,USD,43839.74,4.04,0,0,27
77,724,243,Savings,Closed,2023-09-04,2025-04-09,USD,35830.33,3.01,0,1,34
78,736,468,Fixed Deposit,Active,2024-12-04,,USD,158927.03,0.93,0,0,21
79,93,336,Savings,Active,2021-10-31,,USD,42491.45,1.33,0,0,19
80,568,493,Current,Dormant,2020-02-10,,USD,43278.57,2.62,1000,1,9
81,492,263,Current,Closed,2022-10-07,2025-07-18,USD,39907.66,3.99,500,0,13
82,764,4,Salary,Active,2024-07-03,,USD,33609.89,1.72,2000,0,34
83,701,322,Savings,Active,2016-07-19,,USD,7168.22,5.15,1000,1,12
84,77,195,Salary,Active,2017-11-14,,USD,42838.0,2.61,500,0,8
85,347,485,Current,Dormant,2025-02-13,,USD,38210.36,4.79,0,0,19
86,272,113,Savings,Active,2024-04-27,,USD,17409.78,5.12,2000,0,3
87,475,473,Current,Active,2018-07-03,,USD,15686.35,3.58,0,0,7
88,6,186,Salary,Active,2016-07-12,,USD,15631.22,1.01,500,0,34
89,527,477,Savings,Active,2024-12-08,,USD,21677.25,1.28,2000,0,31
90,405,199,Savings,Active,2021-08-30,,USD,7789.28,4.56,0,1,29
91,166,73,Savings,Active,2016-10-09,,USD,15845.27,4.85,0,0,19
92,42,70,Savings,Active,2021-08-12,,USD,40495.4,1.3,0,1,18
93,122,224,Current,Active,2016-11-13,,USD,30519.01,1.14,500,0,25
94,135,58,Fixed Deposit,Active,2021-06-20,,USD,31574.59,2.22,0,0,16
95,54,360,Salary,Active,2016-12-21,,USD,26667.45,0.54,500,0,32
96,85,405,Savings,Active,2018-09-20,,USD,32680.81,1.43,0,0,17
97,718,130,Current,Active,2021-09-19,,USD,21062.12,4.41,0,0,33
98,626,94,Savings,Dormant,2024-08-16,,USD,28115.31,1.24,0,0,3
99,281,101,Fixed Deposit,Active,2016-06-16,,USD,154136.02,0.95,0,0,34
100,314,371,Current,Active,2021-02-08,,USD,14796.09,2.9,1000,0,4
101,312,58,Savings,Active,2024-09-22,,USD,15471.62,2.59,0,1,12
102,42,1,Savings,Active,2017-06-15,,USD,9144.98,2.86,1000,0,12
103,259,260,Savings,Active,2024-03-24,,USD,3908.37,0.57,1000,0,9
104,340,191,Salary,Active,2023-04-12,,USD,34935.78,3.14,0,0,18
105,216,310,Savings,Dormant,2016-12-06,,USD,5437.09,4.21,0,0,13
106,198,373,Savings,Active,2017-07-16,,USD,42352.72,3.6,0,0,13
107,547,384,Savings,Active,2020-08-09,,USD,18528.67,4.06,1000,1,24
108,460,334,Salary,Dormant,2020-05-24,,USD,2580.74,2.6,1000,0,11
109,614,144,Current,Active,2022-08-08,,USD,1567.76,3.33,2000,0,26
110,507,363,Current,Active,2016-10-31,,USD,2911.84,2.69,1000,0,25
111,411,321,Savings,Active,2023-12-01,,USD,6780.14,1.59,2000,0,33
112,467,266,Salary,Active,2020-10-19,,USD,13305.16,1.6,2000,0,8
113,176,118,Savings,Active,2023-02-04,,USD,1278.63,1.24,0,1,18
114,53,341,Fixed Deposit,Closed,2026-05-04,2026-06-13,USD,52532.6,1.08,2000,0,39
115,378,172,Savings,Active,2016-05-05,,USD,24492.02,4.11,500,1,19
116,333,30,Current,Active,2016-02-13,,USD,15674.48,4.15,0,0,2
117,551,349,Fixed Deposit,Active,2016-04-13,,USD,195139.27,1.03,2000,0,17
118,642,336,Current,Active,2022-12-04,,USD,19619.41,2.12,0,0,26
119,160,237,Savings,Active,2016-04-02,,USD,16273.12,5.01,0,0,30
120,190,434,Salary,Active,2024-06-06,,USD,21818.59,4.15,2000,0,20
121,167,470,Savings,Active,2016-04-25,,USD,27155.9,0.85,0,0,30
122,661,214,Savings,Active,2019-05-11,,USD,32567.79,4.54,1000,0,25
123,22,58,Salary,Active,2023-11-21,,USD,28823.94,0.72,0,0,18
124,147,498,Current,Active,2024-05-31,,USD,43469.41,5.29,0,0,22
125,725,45,Savings,Active,2022-02-06,,USD,25109.73,2.72,0,0,31
126,159,128,Savings,Active,2016-11-10,,USD,28050.61,1.12,0,0,19
127,106,270,Salary,Active,2017-12-25,,USD,-444.93,1.62,0,0,10
128,362,348,Savings,Closed,2025-12-04,2025-12-30,USD,30641.0,3.93,2000,0,8
129,504,88,Fixed Deposit,Active,2024-02-29,,USD,239118.8,1.91,0,0,8
130,370,490,Fixed Deposit,Active,2021-08-12,,USD,10884.54,1.26,500,0,39
131,186,360,Savings,Dormant,2019-11-14,,USD,30765.81,3.62,0,0,7
132,278,487,Current,Active,2024-03-14,,USD,11575.74,5.03,0,0,10
133,797,348,Savings,Active,2023-10-18,,USD,19824.64,4.48,500,0,8
134,592,227,Fixed Deposit,Active,2022-04-19,,USD,22657.23,5.47,0,0,23
135,327,262,Savings,Active,2023-06-28,,USD,18334.47,4.47,0,0,16
136,393,223,Current,Active,2026-04-17,,USD,21913.36,3.18,0,0,38
137,733,224,Current,Active,2019-04-05,,USD,36413.79,1.6,0,0,1
138,209,452,Savings,Active,2022-12-31,,USD,43071.52,5.1,0,1,24
139,798,436,Savings,Active,2024-04-10,,USD,37503.98,3.26,500,0,15
140,58,398,Savings,Closed,2021-04-01,2022-10-26,USD,31530.31,2.39,0,0,28
141,381,28,Salary,Active,2019-01-16,,USD,2856.55,4.69,0,0,24
142,145,42,Savings,Active,2017-08-28,,USD,37313.59,2.58,0,0,9
143,767,279,Current,Active,2021-09-07,,USD,18224.27,2.19,2000,0,19
144,114,81,Savings,Active,2017-07-16,,USD,26989.9,1.37,0,0,28
145,697,465,Current,Active,2022-12-16,,USD,11241.47,3.36,0,0,28
146,161,143,Fixed Deposit,Active,2021-08-16,,USD,244482.67,1.13,0,0,4
147,225,208,Savings,Active,2018-12-28,,USD,24947.89,4.71,2000,0,21
148,669,341,Savings,Active,2021-06-09,,USD,1987.56,2.36,500,0,7
149,107,41,Savings,Active,2023-12-31,,USD,14763.96,1.7,0,0,5
150,217,316,Savings,Dormant,2017-07-26,,USD,8042.34,1.51,0,0,6
151,584,299,Savings,Closed,2024-08-01,2025-03-08,USD,21513.22,0.74,0,1,1
152,366,400,Savings,Active,2022-06-22,,USD,8367.21,4.26,2000,0,9
153,720,358,Savings,Active,2016-06-10,,USD,33236.04,1.01,0,0,25
154,489,311,Salary,Active,2019-12-14,,USD,6835.65,3.91,0,1,6
155,736,122,Salary,Dormant,2016-06-02,,USD,29267.02,4.34,0,1,33
156,529,388,Current,Active,2020-07-11,,USD,34472.95,2.74,0,0,24
157,639,455,Fixed Deposit,Active,2016-04-09,,USD,178204.98,3.91,0,0,40
158,622,39,Fixed Deposit,Active,2022-03-29,,USD,248601.41,0.99,0,0,20
159,561,461,Fixed Deposit,Active,2016-01-11,,USD,21837.56,0.97,0,0,19
160,166,35,Savings,Active,2018-09-20,,USD,3559.93,1.4,500,0,31
161,263,406,Salary,Active,2018-07-23,,USD,5890.35,1.12,1000,0,24
162,294,213,Savings,Active,2019-08-06,,USD,30466.61,2.7,1000,0,21
163,383,44,Current,Active,2019-07-23,,USD,11458.65,4.88,2000,0,4
164,759,421,Savings,Dormant,2019-10-07,,USD,-138.6,4.77,0,0,37
165,409,454,Savings,Active,2021-05-16,,USD,20533.68,0.97,500,0,35
166,477,57,Savings,Active,2021-07-09,,USD,41244.45,5.11,500,0,22
167,67,167,Savings,Active,2020-03-21,,USD,9174.9,4.21,0,0,3
168,559,81,Fixed Deposit,Active,2021-11-11,,USD,53406.86,3.34,1000,0,4
169,371,421,Savings,Active,2018-06-15,,USD,1960.53,4.84,2000,0,17
170,651,92,Savings,Active,2017-07-21,,USD,17930.62,1.99,2000,0,27
171,538,113,Current,Active,2018-10-21,,USD,37289.98,0.96,500,0,20
172,169,105,Savings,Active,2018-05-16,,USD,21135.22,3.94,0,1,28
173,364,485,Current,Active,2019-05-08,,USD,-48.12,4.42,1000,0,38
174,632,76,Savings,Closed,2022-11-20,2024-04-08,USD,42223.09,4.21,2000,0,1
175,155,476,Current,Active,2024-07-22,,USD,38825.71,1.07,2000,0,34
176,740,2,Fixed Deposit,Closed,2024-03-05,2025-02-09,USD,214323.9,3.67,2000,1,7
177,38,115,Salary,Active,2016-06-08,,USD,31188.3,4.37,1000,0,23
178,215,100,Fixed Deposit,Active,2023-06-10,,USD,3642.04,4.57,0,0,20
179,515,436,Salary,Active,2022-07-05,,USD,29025.48,2.78,500,0,35
180,437,276,Fixed Deposit,Active,2016-07-20,,USD,231590.9,2.79,0,0,39
181,167,286,Savings,Active,2018-03-01,,USD,29512.06,3.9,2000,0,40
182,102,46,Salary,Active,2020-04-09,,USD,29057.92,3.58,500,0,40
183,558,53,Current,Active,2024-11-30,,USD,36167.11,3.84,500,0,30
184,565,203,Savings,Dormant,2021-10-24,,USD,42750.09,2.25,500,0,26
185,8,499,Savings,Active,2022-06-09,,USD,12404.0,4.9,0,0,27
186,690,127,Savings,Dormant,2024-03-10,,USD,986.69,0.63,0,0,34
187,760,318,Savings,Active,2016-03-05,,USD,25534.53,2.65,1000,1,13
188,632,342,Savings,Active,2022-07-03,,USD,41903.29,2.65,2000,0,12
189,413,480,Savings,Active,2022-08-17,,USD,10009.11,4.05,0,0,37
190,402,448,Salary,Dormant,2025-10-10,,USD,37598.87,1.3,0,0,6
191,27,232,Savings,Active,2025-08-18,,USD,6463.71,3.59,1000,1,6
192,586,203,Savings,Active,2017-12-03,,USD,44245.35,3.67,0,0,15
193,305,102,Current,Active,2016-09-02,,USD,34991.32,4.43,0,0,18
194,85,496,Savings,Active,2018-10-15,,USD,44308.3,4.83,0,0,39
195,126,56,Savings,Active,2016-06-27,,USD,7718.56,0.89,0,1,14
196,401,53,Current,Active,2017-04-10,,USD,2847.71,5.3,0,0,27
197,385,472,Savings,Dormant,2020-01-29,,USD,36288.98,1.4,0,1,37
198,647,321,Salary,Active,2024-09-10,,USD,15097.88,2.23,1000,0,1
199,163,276,Salary,Closed,2017-04-17,2022-07-03,USD,8274.46,0.65,0,0,10
200,222,460,Savings,Dormant,2021-07-06,,USD,842.14,1.19,0,0,9
201,275,144,Current,Closed,2016-01-19,2022-09-09,USD,15359.18,3.26,0,0,32
202,447,271,Fixed Deposit,Closed,2018-09-10,2025-07-11,USD,62560.78,1.49,2000,0,26
203,106,309,Salary,Active,2017-11-06,,USD,7037.22,1.53,2000,0,29
204,434,316,Salary,Dormant,2025-11-16,,USD,27842.45,3.54,500,0,23
205,383,476,Current,Active,2021-03-11,,USD,7109.83,0.67,1000,0,27
206,301,320,Salary,Active,2025-09-11,,USD,43414.11,2.26,0,0,21
207,440,421,Savings,Active,2021-05-15,,USD,9290.88,2.36,0,0,8
208,10,168,Current,Active,2019-12-09,,USD,9226.65,3.34,0,1,36
209,68,205,Savings,Active,2023-12-15,,USD,9394.59,3.3,2000,0,5
210,588,474,Current,Active,2021-07-02,,USD,19301.85,4.57,0,0,32
211,511,24,Fixed Deposit,Active,2016-09-01,,USD,31066.97,1.36,0,0,16
212,591,11,Savings,Active,2018-10-15,,USD,38452.69,5.44,500,0,26
213,38,475,Current,Active,2017-08-12,,USD,14851.24,0.58,500,0,27
214,741,158,Savings,Active,2016-09-06,,USD,17715.67,3.28,0,0,4
215,403,156,Current,Active,2023-04-04,,USD,38114.59,5.34,0,0,40
216,106,15,Savings,Dormant,2022-06-12,,USD,5812.42,5.47,2000,0,15
217,175,47,Savings,Dormant,2019-01-27,,USD,16284.02,5.01,0,1,4
218,266,469,Salary,Active,2017-10-11,,USD,42595.09,0.88,0,0,25
219,277,370,Savings,Active,2021-12-13,,USD,20461.57,1.13,0,0,27
220,653,237,Current,Active,2022-12-21,,USD,10443.82,2.89,500,1,21
221,792,389,Current,Active,2023-08-11,,USD,34362.19,4.06,0,0,16
222,676,344,Salary,Active,2020-03-30,,USD,3049.76,5.36,0,0,14
223,480,436,Savings,Active,2017-08-26,,USD,14990.48,4.57,1000,0,21
224,779,163,Salary,Active,2018-07-12,,USD,38075.22,1.03,0,0,24
225,395,240,Salary,Active,2020-05-15,,USD,34990.96,1.44,0,0,20
226,592,344,Savings,Active,2023-06-20,,USD,4376.39,1.05,0,1,12
227,274,15,Current,Active,2019-11-01,,USD,15514.04,1.09,1000,0,28
228,218,79,Savings,Active,2023-07-21,,USD,14685.15,2.71,0,0,25
229,750,493,Savings,Active,2021-07-02,,USD,17822.49,3.47,1000,0,34
230,444,57,Current,Active,2018-03-24,,USD,43133.21,1.6,0,1,37
231,273,126,Savings,Active,2019-03-23,,USD,9804.16,3.6,2000,0,26
232,104,116,Salary,Dormant,2024-02-08,,USD,11706.15,1.53,0,0,19
233,723,316,Savings,Active,2016-11-08,,USD,7921.09,5.04,1000,0,20
234,705,126,Savings,Active,2025-02-04,,USD,7082.37,2.16,500,0,1
235,683,251,Savings,Active,2024-07-24,,USD,43833.87,4.91,0,0,1
236,609,187,Fixed Deposit,Active,2019-01-14,,USD,122102.42,1.74,0,0,2
237,581,361,Fixed Deposit,Dormant,2026-03-25,,USD,131341.03,1.34,0,0,7
238,312,428,Salary,Active,2020-01-23,,USD,32934.08,5.45,0,0,17
239,374,243,Savings,Active,2019-09-11,,USD,31812.15,4.96,2000,1,39
240,496,59,Savings,Active,2023-10-25,,USD,28610.91,1.24,500,1,10
241,366,263,Savings,Active,2023-11-22,,USD,31159.18,2.65,0,0,13
242,387,339,Savings,Active,2025-01-08,,USD,28023.57,3.22,500,1,34
243,180,139,Fixed Deposit,Active,2016-06-09,,USD,82832.36,3.45,0,0,3
244,594,275,Salary,Dormant,2020-03-14,,USD,5094.74,4.48,1000,1,23
245,296,58,Fixed Deposit,Active,2018-05-21,,USD,171397.4,2.83,0,0,19
246,639,295,Current,Active,2023-01-14,,USD,12615.83,4.5,0,0,14
247,290,439,Current,Active,2019-07-17,,USD,13414.88,2.65,2000,0,4
248,258,72,Savings,Active,2023-02-11,,USD,38584.98,3.83,1000,0,6
249,731,142,Savings,Active,2019-01-22,,USD,19158.31,5.09,0,0,31
250,364,131,Salary,Active,2025-12-27,,USD,18726.63,5.33,0,1,20
251,612,163,Savings,Active,2025-06-29,,USD,39354.92,4.52,0,0,13
252,257,71,Savings,Active,2016-03-29,,USD,13377.32,1.99,2000,0,12
253,385,417,Salary,Active,2016-11-17,,USD,5806.75,2.71,0,0,23
254,480,188,Savings,Active,2019-12-06,,USD,18166.77,0.64,1000,0,27
255,91,402,Savings,Dormant,2020-04-13,,USD,35291.76,3.4,0,0,35
256,580,466,Savings,Active,2018-11-30,,USD,17366.0,2.51,0,0,34
257,472,446,Savings,Active,2019-01-10,,USD,37260.19,3.75,0,0,19
258,580,255,Current,Dormant,2021-12-29,,USD,5025.64,3.42,1000,0,4
259,719,108,Current,Active,2024-06-26,,USD,43511.17,1.18,2000,0,10
260,309,333,Savings,Closed,2021-04-05,2026-03-23,USD,-206.49,2.92,2000,0,5
261,1,80,Current,Active,2024-01-15,,USD,3907.3,1.52,500,0,33
262,455,208,Savings,Active,2023-08-11,,USD,17907.36,5.41,0,0,35
263,267,437,Current,Active,2019-11-02,,USD,29446.25,1.12,0,0,12
264,146,436,Salary,Active,2021-10-16,,USD,22773.93,4.0,0,0,19
265,297,354,Savings,Active,2021-03-20,,USD,16213.94,1.88,500,0,7
266,476,222,Salary,Active,2017-11-09,,USD,12395.71,1.1,500,0,20
267,35,343,Current,Active,2026-03-25,,USD,19723.81,5.04,0,1,30
268,741,243,Savings,Closed,2019-06-15,2026-06-20,USD,15777.52,4.78,1000,0,34
269,400,271,Savings,Active,2020-11-06,,USD,15509.95,4.1,0,0,9
270,286,418,Salary,Active,2024-08-29,,USD,17423.76,5.08,2000,0,31
271,621,350,Savings,Active,2016-08-22,,USD,22567.6,3.79,0,0,21
272,603,308,Savings,Active,2023-03-03,,USD,17871.71,0.72,2000,0,7
273,682,56,Current,Active,2016-05-22,,USD,14226.5,1.66,2000,0,7
274,179,387,Salary,Active,2023-02-25,,USD,18612.56,0.82,1000,0,3
275,768,38,Savings,Active,2016-08-06,,USD,28223.88,0.65,0,0,29
276,387,70,Fixed Deposit,Active,2024-11-18,,USD,49973.62,1.76,500,0,15
277,207,395,Savings,Dormant,2018-06-27,,USD,36294.59,1.46,1000,0,7
278,209,18,Salary,Dormant,2025-07-18,,USD,15860.03,2.54,1000,1,22
279,190,362,Salary,Dormant,2018-03-05,,USD,28721.57,2.98,0,0,31
280,513,187,Savings,Dormant,2023-12-20,,USD,38330.68,4.51,500,0,25
281,73,301,Savings,Active,2019-09-12,,USD,13069.33,1.09,0,0,35
282,339,12,Savings,Closed,2024-08-17,2025-02-24,USD,41463.44,1.76,2000,0,11
283,295,39,Current,Active,2019-04-13,,USD,23058.07,3.56,0,0,4
284,560,370,Salary,Active,2023-05-20,,USD,42130.17,5.42,2000,0,22
285,432,137,Savings,Dormant,2020-02-10,,USD,2202.33,1.52,2000,0,4
286,242,261,Savings,Closed,2018-04-24,2019-06-29,USD,40646.74,4.02,0,0,5
287,427,317,Salary,Closed,2017-01-23,2017-12-20,USD,39882.1,2.89,0,0,3
288,107,19,Current,Active,2022-03-31,,USD,15436.72,2.89,0,0,4
289,27,412,Salary,Active,2021-06-24,,USD,27170.32,2.4,2000,0,36
290,494,27,Savings,Active,2023-07-06,,USD,5198.3,4.01,1000,0,29
291,121,476,Current,Dormant,2024-03-14,,USD,15506.4,2.22,0,0,6
292,603,6,Savings,Active,2021-09-01,,USD,39919.26,4.47,1000,0,1
293,738,131,Salary,Active,2022-04-25,,USD,5265.57,1.4,0,0,39
294,671,472,Savings,Active,2018-01-25,,USD,27078.63,2.89,0,0,5
295,257,498,Current,Active,2022-03-06,,USD,32952.45,2.28,0,0,20
296,376,416,Current,Dormant,2022-07-27,,USD,10611.36,4.96,0,0,33
297,107,28,Savings,Active,2018-01-23,,USD,42750.64,2.93,0,0,9
298,534,122,Savings,Active,2018-04-04,,USD,5085.04,4.12,0,0,16
299,716,234,Current,Active,2020-03-20,,USD,4697.86,2.99,0,0,38
300,394,157,Salary,Active,2019-05-13,,USD,12198.71,3.55,500,0,25
301,394,236,Savings,Active,2018-05-08,,USD,7891.42,2.66,0,0,3
302,555,406,Savings,Active,2025-03-10,,USD,27197.64,4.97,0,0,38
303,222,403,Savings,Active,2024-11-25,,USD,27779.64,4.83,2000,1,4
304,112,293,Savings,Active,2023-07-14,,USD,30347.61,4.79,1000,0,37
305,737,300,Salary,Active,2025-12-16,,USD,43193.88,2.84,0,0,1
306,288,426,Current,Active,2025-07-24,,USD,44945.68,4.36,0,0,26
307,40,326,Savings,Active,2022-05-16,,USD,10898.35,3.77,1000,0,20
308,583,351,Savings,Active,2021-04-04,,USD,7634.69,2.81,500,0,3
309,368,254,Current,Active,2023-11-24,,USD,18091.8,3.4,0,0,40
310,565,164,Fixed Deposit,Active,2019-05-30,,USD,64538.84,4.43,0,1,9
311,233,334,Savings,Dormant,2020-01-21,,USD,29347.01,1.66,2000,0,33
312,451,307,Savings,Active,2020-10-22,,USD,9871.84,5.26,0,1,2
313,695,449,Salary,Active,2021-03-19,,USD,32183.53,3.5,0,0,33
314,455,59,Current,Active,2020-03-28,,USD,14323.4,2.36,2000,0,28
315,290,75,Savings,Active,2021-10-02,,USD,15893.06,5.38,2000,0,19
316,637,16,Savings,Active,2024-12-30,,USD,41829.04,5.06,0,0,14
317,321,270,Salary,Active,2025-04-15,,USD,35147.76,4.06,0,0,38
318,34,349,Salary,Active,2016-02-10,,USD,44900.85,0.89,0,1,15
319,579,266,Fixed Deposit,Active,2017-12-04,,USD,183501.12,3.19,0,0,34
320,53,321,Current,Active,2024-07-17,,USD,19566.29,1.85,1000,0,16
321,337,128,Salary,Closed,2026-05-21,2026-05-24,USD,10005.53,2.07,0,0,29
322,751,467,Savings,Active,2017-02-10,,USD,25000.8,0.88,0,0,39
323,236,238,Salary,Active,2024-02-09,,USD,37165.86,5.43,1000,0,27
324,691,310,Current,Active,2017-03-02,,USD,35711.45,2.21,0,0,27
325,518,77,Current,Active,2017-05-01,,USD,34655.35,5.0,500,0,8
326,429,138,Salary,Active,2022-03-21,,USD,20878.64,1.0,0,0,2
327,707,87,Fixed Deposit,Active,2025-08-17,,USD,216726.65,5.09,500,0,26
328,714,295,Savings,Active,2018-07-18,,USD,14824.78,4.62,0,0,40
329,111,384,Savings,Active,2019-12-06,,USD,15650.57,2.74,500,0,28
330,297,403,Current,Active,2020-12-01,,USD,7847.01,4.33,1000,0,1
331,608,314,Savings,Active,2023-04-27,,USD,16761.54,2.69,1000,0,18
332,792,51,Savings,Active,2018-09-30,,USD,1697.1,3.09,1000,0,28
333,293,171,Savings,Active,2018-12-15,,USD,42884.87,0.71,2000,1,14
334,441,274,Savings,Dormant,2026-03-13,,USD,13803.72,2.24,0,0,18
335,499,233,Savings,Active,2017-03-31,,USD,42233.82,1.8,1000,0,15
336,683,146,Savings,Active,2023-07-20,,USD,37664.94,4.27,0,0,3
337,553,284,Salary,Active,2020-04-29,,USD,37378.95,0.63,0,0,37
338,437,389,Savings,Active,2016-01-12,,USD,20150.15,5.09,2000,0,8
339,456,472,Savings,Active,2022-06-20,,USD,38834.88,5.47,2000,0,23
340,81,397,Salary,Active,2018-03-23,,USD,14383.77,3.04,0,0,33
341,689,414,Savings,Active,2019-10-31,,USD,40098.4,0.69,0,1,34
342,326,100,Salary,Active,2024-04-01,,USD,39429.6,0.68,2000,0,16
343,141,311,Savings,Closed,2017-05-24,2017-12-06,USD,30137.32,1.83,0,0,12
344,752,263,Savings,Active,2019-03-29,,USD,39351.81,5.25,2000,0,1
345,445,35,Current,Active,2016-09-26,,USD,31804.57,0.69,2000,0,25
346,647,309,Savings,Active,2017-04-13,,USD,23635.98,5.27,0,0,19
347,685,257,Current,Active,2021-06-23,,USD,26701.82,3.22,0,0,8
348,774,407,Savings,Closed,2024-01-15,2024-10-16,USD,14305.57,3.81,0,0,21
349,677,60,Savings,Active,2021-08-13,,USD,5326.63,4.91,500,0,16
350,30,152,Savings,Active,2018-05-09,,USD,38219.97,2.55,1000,0,17
351,692,167,Savings,Dormant,2020-02-19,,USD,18846.57,1.8,0,0,15
352,348,337,Salary,Active,2020-12-20,,USD,18146.43,3.36,0,0,8
353,629,323,Savings,Active,2024-09-23,,USD,406.36,4.11,500,0,22
354,362,408,Salary,Active,2022-02-09,,USD,1739.29,1.55,1000,0,11
355,549,210,Salary,Active,2023-11-17,,USD,35958.49,5.05,0,0,36
356,751,131,Fixed Deposit,Active,2020-03-29,,USD,5056.09,5.2,0,0,32
357,44,82,Savings,Active,2017-10-10,,USD,28235.78,3.94,0,0,8
358,387,348,Savings,Dormant,2023-07-13,,USD,39386.28,4.81,0,0,27
359,21,8,Salary,Active,2025-10-21,,USD,41313.34,0.98,1000,0,13
360,621,456,Savings,Active,2022-04-26,,USD,22812.18,0.62,0,0,7
361,271,348,Current,Active,2021-04-08,,USD,19043.82,1.61,500,0,31
362,292,482,Salary,Active,2016-10-06,,USD,16899.58,5.47,2000,0,24
363,782,288,Salary,Active,2020-09-12,,USD,25793.52,0.62,0,0,31
364,577,57,Current,Active,2019-06-29,,USD,36340.48,5.38,0,0,14
365,502,314,Savings,Active,2020-05-10,,USD,27550.23,2.87,2000,0,15
366,61,408,Current,Active,2016-12-16,,USD,33193.26,4.67,0,0,37
367,614,216,Salary,Active,2025-09-22,,USD,9019.7,3.31,500,0,21
368,668,124,Savings,Active,2023-03-30,,USD,22906.62,4.79,2000,0,7
369,436,371,Savings,Active,2024-12-05,,USD,119.92,3.1,0,0,29
370,117,20,Salary,Active,2019-01-23,,USD,27990.5,3.12,0,0,36
371,429,212,Savings,Active,2021-05-30,,USD,44806.37,4.1,2000,0,21
372,630,472,Savings,Active,2020-03-29,,USD,5939.05,3.12,0,0,24
373,532,320,Savings,Active,2023-10-13,,USD,42097.21,5.14,2000,1,9
374,169,277,Salary,Active,2024-08-21,,USD,13954.81,1.4,500,0,1
375,320,372,Savings,Active,2022-07-26,,USD,23966.78,2.16,0,0,39
376,161,35,Savings,Active,2024-02-07,,USD,9784.34,3.64,0,0,28
377,599,388,Savings,Active,2019-07-07,,USD,17848.71,1.77,1000,0,13
378,80,314,Savings,Active,2021-02-15,,USD,12239.34,1.81,0,0,34
379,602,343,Salary,Active,2020-02-13,,USD,34625.03,3.46,0,1,40
380,685,483,Current,Active,2020-07-14,,USD,35143.1,5.45,0,1,40
381,151,75,Savings,Dormant,2024-03-26,,USD,14211.87,4.98,0,0,29
382,436,353,Current,Active,2016-06-25,,USD,34080.34,1.7,500,0,25
383,724,251,Savings,Dormant,2023-03-23,,USD,13922.22,0.89,1000,0,11
384,649,443,Savings,Active,2017-03-19,,USD,19394.57,2.71,2000,0,8
385,572,477,Savings,Active,2017-05-04,,USD,650.95,2.33,500,0,23
386,746,226,Savings,Active,2024-02-16,,USD,44904.46,5.2,500,0,1
387,201,235,Savings,Active,2016-03-09,,USD,26171.57,2.14,0,1,33
388,14,321,Savings,Active,2016-06-09,,USD,28696.17,2.49,2000,0,18
389,641,30,Fixed Deposit,Dormant,2018-01-03,,USD,215803.17,5.14,1000,0,32
390,178,251,Salary,Active,2026-04-24,,USD,24324.22,1.02,0,0,10
391,723,391,Savings,Dormant,2021-06-02,,USD,3268.52,4.67,0,0,4
392,322,51,Salary,Active,2018-02-11,,USD,38292.2,3.78,2000,0,21
393,727,88,Fixed Deposit,Active,2020-01-25,,USD,236078.03,3.08,2000,0,4
394,67,101,Salary,Active,2025-03-18,,USD,32667.55,0.92,500,0,39
395,204,365,Current,Active,2016-12-02,,USD,33480.69,4.69,0,0,36
396,360,62,Savings,Active,2025-01-27,,USD,31181.29,3.33,500,0,6
397,187,388,Savings,Active,2016-04-13,,USD,28011.43,0.6,0,0,14
398,654,199,Current,Dormant,2017-08-08,,USD,42417.3,2.04,2000,0,13
399,766,402,Salary,Active,2020-09-29,,USD,16758.63,1.94,0,0,21
400,424,119,Salary,Active,2019-05-03,,USD,8564.72,5.4,0,0,17
401,95,259,Savings,Active,2023-10-05,,USD,34642.86,3.12,2000,0,11
402,38,444,Current,Active,2017-01-15,,USD,25376.36,5.47,500,0,19
403,213,182,Current,Active,2017-10-29,,USD,37258.52,4.47,0,0,14
404,265,115,Current,Active,2018-04-11,,USD,4746.07,3.79,0,0,30
405,601,171,Savings,Active,2025-05-07,,USD,26271.78,0.67,2000,0,23
406,9,83,Savings,Active,2019-09-15,,USD,28978.6,1.0,0,0,30
407,560,97,Salary,Active,2024-07-06,,USD,27555.86,3.47,2000,0,26
408,485,444,Savings,Active,2021-04-20,,USD,26842.86,2.91,500,0,15
409,782,496,Fixed Deposit,Active,2017-11-28,,USD,105275.45,4.37,1000,0,2
410,168,271,Savings,Active,2021-12-16,,USD,26656.73,3.99,1000,0,37
411,770,73,Savings,Active,2021-01-20,,USD,43176.06,5.35,0,0,10
412,355,243,Savings,Active,2024-10-28,,USD,29466.69,1.5,0,0,6
413,190,124,Salary,Active,2020-06-02,,USD,32448.11,1.27,1000,0,24
414,6,253,Savings,Active,2021-11-05,,USD,24517.22,2.47,0,1,25
415,475,374,Savings,Dormant,2025-05-25,,USD,17134.61,2.09,0,0,21
416,290,436,Current,Dormant,2022-06-20,,USD,26660.72,3.17,0,0,38
417,28,117,Salary,Active,2026-03-31,,USD,10199.67,2.31,1000,0,40
418,614,400,Savings,Active,2024-08-28,,USD,9968.34,3.0,0,0,28
419,96,179,Savings,Active,2019-01-09,,USD,6359.01,2.06,2000,0,3
420,268,224,Savings,Active,2026-01-11,,USD,23039.36,1.03,0,0,7
421,672,458,Savings,Dormant,2017-03-16,,USD,6820.21,1.14,1000,0,30
422,12,257,Current,Active,2019-03-02,,USD,18721.8,0.77,500,0,8
423,619,430,Salary,Active,2021-10-10,,USD,16463.55,2.87,0,0,24
424,115,419,Savings,Active,2024-04-07,,USD,34062.29,4.85,0,0,22
425,725,313,Savings,Active,2026-04-05,,USD,27460.67,4.86,500,0,19
426,41,64,Salary,Active,2024-02-16,,USD,1778.34,3.5,0,0,22
427,692,155,Salary,Active,2019-07-27,,USD,11659.22,1.97,500,0,21
428,305,337,Savings,Active,2018-06-22,,USD,32801.65,3.16,500,0,6
429,548,50,Savings,Active,2024-12-26,,USD,21951.99,4.96,0,1,40
430,250,488,Salary,Dormant,2025-07-04,,USD,32837.29,3.12,500,0,21
431,382,20,Savings,Closed,2023-09-03,2025-04-03,USD,28520.56,4.91,500,0,6
432,346,492,Current,Active,2020-03-29,,USD,17733.65,1.42,2000,0,6
433,444,61,Salary,Active,2018-03-17,,USD,44768.79,3.58,1000,1,16
434,711,426,Savings,Active,2022-09-20,,USD,9292.02,5.18,0,0,12
435,284,265,Current,Active,2022-05-26,,USD,40893.46,3.89,0,0,14
436,20,417,Savings,Active,2017-04-17,,USD,11650.92,3.5,2000,0,15
437,231,10,Salary,Active,2017-01-24,,USD,27318.08,4.14,1000,0,38
438,431,337,Current,Active,2019-11-10,,USD,21139.93,3.29,0,0,23
439,456,79,Current,Active,2023-03-13,,USD,9084.0,3.99,2000,0,26
440,34,351,Salary,Closed,2016-03-09,2024-10-20,USD,28227.97,3.31,0,0,34
441,379,159,Savings,Active,2021-04-14,,USD,30189.81,0.65,1000,0,40
442,361,299,Savings,Closed,2026-05-06,2026-07-13,USD,565.08,5.37,1000,0,16
443,385,489,Current,Active,2016-09-03,,USD,42671.27,1.12,500,0,8
444,585,152,Savings,Active,2019-01-05,,USD,34877.37,4.17,500,0,23
445,770,115,Savings,Active,2021-12-23,,USD,14032.86,2.32,0,0,21
446,515,283,Current,Active,2025-09-26,,USD,17880.45,4.28,0,0,29
447,161,491,Salary,Active,2023-06-11,,USD,-348.15,4.65,500,0,7
448,393,308,Current,Closed,2020-09-19,2022-03-27,USD,18168.37,3.68,1000,0,40
449,635,266,Fixed Deposit,Active,2024-05-29,,USD,183050.39,5.23,0,0,11
450,583,332,Current,Active,2020-03-12,,USD,16348.46,4.21,2000,0,33
451,198,452,Fixed Deposit,Active,2022-03-24,,USD,180778.87,1.7,500,1,13
452,331,69,Savings,Dormant,2021-12-18,,USD,8918.83,2.81,0,0,29
453,248,424,Savings,Active,2025-10-25,,USD,28682.76,4.52,0,1,11
454,251,245,Salary,Active,2020-05-19,,USD,33561.69,3.91,500,1,31
455,395,37,Salary,Closed,2022-07-03,2025-11-13,USD,39692.75,3.19,2000,0,35
456,732,13,Savings,Dormant,2025-01-20,,USD,2220.28,4.56,2000,0,24
457,410,381,Fixed Deposit,Active,2022-11-03,,USD,110039.45,4.44,0,0,17
458,777,439,Current,Active,2024-08-24,,USD,32350.74,2.33,2000,0,16
459,495,111,Savings,Active,2022-09-07,,USD,31064.08,2.79,2000,0,16
460,776,137,Savings,Active,2023-11-29,,USD,14545.09,2.75,0,0,39
461,37,405,Savings,Active,2023-10-08,,USD,680.29,4.9,1000,0,19
462,315,381,Savings,Active,2023-01-15,,USD,21125.46,2.7,0,0,9
463,151,322,Savings,Active,2023-12-05,,USD,28472.69,0.64,0,0,10
464,599,7,Savings,Active,2024-11-23,,USD,33418.3,5.48,500,0,11
465,353,342,Savings,Dormant,2016-12-07,,USD,13800.48,2.37,500,0,34
466,494,91,Current,Active,2021-06-09,,USD,29927.89,0.82,0,0,15
467,154,146,Current,Active,2017-07-06,,USD,4941.41,1.48,500,0,1
468,765,450,Salary,Active,2024-02-28,,USD,40365.13,4.21,0,0,26
469,642,52,Fixed Deposit,Active,2022-01-12,,USD,67904.82,5.31,2000,0,6
470,58,237,Current,Active,2022-08-19,,USD,11151.28,4.2,2000,1,16
471,234,366,Salary,Active,2021-12-03,,USD,44061.68,1.83,0,0,13
472,751,442,Fixed Deposit,Dormant,2017-07-12,,USD,33180.61,2.01,0,0,38
473,780,308,Current,Active,2021-11-20,,USD,39614.65,0.76,2000,0,31
474,120,235,Savings,Active,2019-01-24,,USD,24177.78,1.57,500,0,1
475,596,229,Salary,Active,2024-01-16,,USD,39836.55,4.39,0,0,40
476,774,242,Fixed Deposit,Active,2025-03-29,,USD,101821.86,1.85,2000,0,33
477,495,272,Savings,Active,2021-12-06,,USD,11521.1,3.16,0,0,36
478,516,162,Current,Active,2024-04-01,,USD,33925.86,1.41,0,0,33
479,482,262,Savings,Active,2024-12-03,,USD,19156.68,2.02,500,0,35
480,188,102,Salary,Active,2025-12-05,,USD,9201.35,3.01,0,0,31
481,106,363,Savings,Active,2025-04-10,,USD,25480.88,1.27,0,0,26
482,176,453,Savings,Active,2017-02-16,,USD,14318.5,3.08,500,0,27
483,799,386,Savings,Closed,2024-09-27,2026-04-18,USD,20975.17,4.78,0,0,20
484,342,387,Savings,Active,2018-04-28,,USD,19961.71,2.63,500,0,1
485,781,499,Savings,Closed,2024-02-17,2026-02-05,USD,15589.34,4.53,500,0,2
486,722,107,Savings,Active,2020-06-23,,USD,12913.26,2.37,0,0,25
487,334,295,Current,Active,2021-11-15,,USD,9281.58,3.01,0,0,16
488,165,172,Salary,Closed,2026-01-02,2026-01-15,USD,26478.78,5.26,0,0,25
489,705,483,Salary,Active,2022-06-24,,USD,44405.28,3.43,0,0,22
490,283,284,Savings,Closed,2016-03-28,2022-01-21,USD,4551.9,1.17,2000,0,27
491,156,464,Savings,Active,2017-08-12,,USD,8599.74,0.94,0,0,35
492,782,351,Savings,Active,2022-09-01,,USD,12759.58,0.61,0,1,21
493,370,481,Salary,Active,2020-10-05,,USD,9273.98,2.11,0,0,22
494,204,359,Fixed Deposit,Active,2020-05-07,,USD,150924.04,5.16,0,0,27
495,438,210,Salary,Active,2025-04-14,,USD,37341.19,0.8,1000,0,37
496,448,17,Fixed Deposit,Dormant,2022-09-07,,USD,81801.15,3.19,0,0,5
497,753,39,Current,Closed,2017-10-23,2019-09-21,USD,35016.76,3.16,1000,0,6
498,588,490,Current,Active,2021-11-06,,USD,8185.38,0.87,2000,0,18
499,477,240,Salary,Closed,2026-05-11,2026-06-05,USD,6425.34,2.15,0,0,22
500,465,279,Salary,Active,2022-04-27,,USD,42656.92,4.95,500,0,1
501,639,441,Savings,Active,2019-05-24,,USD,14168.49,1.25,0,0,21
502,546,243,Current,Active,2022-11-25,,USD,36879.38,5.13,2000,1,10
503,194,411,Savings,Active,2025-06-15,,USD,4090.79,3.17,0,0,35
504,357,36,Savings,Active,2022-10-09,,USD,9969.73,1.54,0,0,18
505,239,497,Fixed Deposit,Active,2025-05-10,,USD,6872.75,4.89,500,0,25
506,27,236,Salary,Dormant,2021-06-01,,USD,8990.59,0.75,500,0,14
507,790,202,Current,Active,2022-11-05,,USD,43600.59,3.03,1000,0,8
508,167,403,Savings,Closed,2021-11-04,2021-12-04,USD,33199.21,2.29,0,0,14
509,93,426,Current,Active,2024-07-11,,USD,22647.45,5.22,0,0,27
510,410,456,Savings,Active,2018-12-19,,USD,13604.17,0.83,2000,0,6
511,667,342,Salary,Dormant,2016-01-12,,USD,221.18,5.32,2000,0,21
512,47,74,Salary,Active,2019-08-04,,USD,-78.04,3.09,0,0,3
513,63,316,Salary,Dormant,2020-03-30,,USD,29573.32,2.36,500,0,27
514,177,91,Fixed Deposit,Closed,2022-11-29,2026-08-06,USD,185504.57,4.55,0,0,8
515,167,16,Current,Active,2025-05-25,,USD,27951.72,5.04,0,0,2
516,27,175,Savings,Active,2021-11-24,,USD,32940.26,1.22,500,0,25
517,781,317,Salary,Active,2020-07-09,,USD,4055.24,2.24,0,0,5
518,116,252,Current,Active,2016-04-23,,USD,40365.52,2.7,1000,0,1
519,319,252,Current,Dormant,2024-05-18,,USD,5333.04,3.78,0,1,7
520,490,261,Salary,Dormant,2024-03-01,,USD,8431.06,1.6,0,0,10
521,231,350,Savings,Active,2020-03-25,,USD,17874.65,4.93,0,0,17
522,190,388,Current,Active,2023-12-12,,USD,43815.03,3.84,1000,0,18
523,779,477,Savings,Active,2021-09-02,,USD,29584.68,3.4,0,0,25
524,648,25,Salary,Closed,2017-07-11,2023-07-26,USD,151.64,3.67,0,0,21
525,12,302,Current,Dormant,2016-12-21,,USD,8042.55,4.85,1000,0,14
526,465,330,Savings,Active,2021-09-25,,USD,33395.7,3.78,1000,1,22
527,191,134,Savings,Dormant,2021-12-19,,USD,34626.35,2.78,0,0,22
528,782,274,Savings,Active,2019-08-04,,USD,18906.41,0.63,1000,0,15
529,469,441,Savings,Active,2022-07-25,,USD,12954.96,4.87,0,0,36
530,85,460,Fixed Deposit,Active,2025-08-13,,USD,205015.65,4.93,1000,0,15
531,795,9,Savings,Active,2018-04-04,,USD,23413.65,4.4,1000,1,34
532,49,426,Current,Active,2021-11-07,,USD,31063.11,5.49,0,0,7
533,697,86,Current,Dormant,2024-06-03,,USD,9794.72,5.15,2000,0,40
534,435,456,Savings,Active,2017-01-08,,USD,43596.16,2.5,500,1,27
535,488,248,Savings,Active,2024-08-25,,USD,13149.69,0.87,2000,0,20
536,214,490,Salary,Active,2025-03-10,,USD,2540.07,4.28,0,0,11
537,783,430,Fixed Deposit,Closed,2023-12-25,2026-02-23,USD,97840.01,1.3,500,0,13
538,255,444,Savings,Active,2019-04-08,,USD,42681.78,1.2,500,0,38
539,689,79,Savings,Active,2019-07-05,,USD,12033.9,2.14,2000,0,20
540,537,54,Salary,Active,2025-08-15,,USD,10064.24,2.69,0,0,40
541,466,80,Savings,Closed,2017-04-02,2025-03-11,USD,40928.03,2.21,0,1,3
542,391,446,Salary,Active,2024-02-04,,USD,20726.92,3.42,2000,0,32
543,777,153,Savings,Active,2020-02-25,,USD,44891.04,3.52,1000,1,16
544,681,262,Salary,Closed,2017-07-20,2022-11-27,USD,18686.17,3.69,0,0,18
545,258,339,Current,Active,2024-01-20,,USD,37551.48,5.42,0,0,32
546,249,310,Current,Active,2024-11-06,,USD,29786.1,1.02,2000,0,39
547,580,200,Current,Dormant,2018-10-31,,USD,29873.85,0.71,0,0,7
548,590,50,Savings,Active,2025-05-12,,USD,15911.89,3.86,1000,0,26
549,736,397,Savings,Active,2024-11-25,,USD,19531.15,2.8,1000,0,26
550,644,397,Salary,Active,2024-09-01,,USD,666.65,3.33,0,0,22
551,102,153,Fixed Deposit,Dormant,2017-09-16,,USD,182277.89,4.75,0,0,23
552,361,131,Savings,Active,2023-11-01,,USD,14265.31,4.0,2000,0,11
553,215,295,Salary,Active,2016-01-04,,USD,14145.59,2.51,0,0,12
554,512,455,Savings,Active,2022-12-14,,USD,23989.68,4.53,0,0,20
555,104,486,Salary,Active,2021-05-08,,USD,13738.06,2.99,0,0,13
556,272,455,Salary,Active,2022-04-02,,USD,36168.34,4.98,0,1,21
557,17,59,Savings,Active,2025-06-13,,USD,22528.43,3.71,0,0,35
558,183,211,Current,Active,2020-01-20,,USD,3748.05,4.06,2000,0,17
559,150,381,Savings,Active,2026-05-26,,USD,5552.97,2.43,2000,0,19
560,629,301,Fixed Deposit,Active,2017-03-20,,USD,56244.97,4.63,0,0,18
561,27,262,Savings,Active,2026-03-15,,USD,9463.37,4.88,500,0,14
562,149,7,Savings,Closed,2020-01-12,2021-05-15,USD,38517.68,2.92,500,0,36
563,582,101,Savings,Dormant,2016-11-04,,USD,25930.75,3.64,500,0,24
564,270,229,Savings,Dormant,2018-01-05,,USD,42129.96,2.1,0,0,9
565,330,457,Salary,Active,2022-05-16,,USD,35697.85,3.39,0,1,33
566,726,252,Current,Active,2024-07-29,,USD,37096.37,1.64,0,0,36
567,230,247,Savings,Dormant,2024-07-28,,USD,20440.87,2.69,1000,0,11
568,23,296,Savings,Active,2016-04-06,,USD,40260.79,2.88,2000,0,23
569,67,383,Savings,Active,2025-11-05,,USD,40292.07,0.64,1000,0,9
570,406,114,Current,Active,2019-11-28,,USD,31222.87,2.02,0,0,33
571,417,75,Salary,Closed,2016-07-31,2023-02-13,USD,26202.7,4.81,1000,0,23
572,602,63,Salary,Active,2016-10-31,,USD,2395.11,2.57,0,0,16
573,616,412,Salary,Active,2022-07-23,,USD,7746.33,3.75,500,0,22
574,92,50,Fixed Deposit,Active,2016-10-05,,USD,237260.02,2.44,500,0,31
575,142,450,Savings,Active,2023-09-07,,USD,15659.64,4.04,0,0,12
576,267,213,Savings,Active,2016-07-25,,USD,28948.75,0.91,500,0,34
577,264,11,Salary,Active,2020-03-31,,USD,24849.34,3.91,0,0,34
578,13,3,Savings,Active,2017-11-05,,USD,35901.74,3.34,0,1,12
579,194,337,Current,Active,2022-07-22,,USD,9436.01,2.23,2000,1,39
580,384,304,Savings,Active,2018-01-15,,USD,37991.77,4.36,1000,0,29
581,32,330,Savings,Active,2022-01-24,,USD,43090.43,5.2,0,1,7
582,358,362,Savings,Active,2020-08-13,,USD,40460.49,2.99,1000,0,40
583,346,498,Current,Active,2020-04-12,,USD,37345.54,4.42,0,0,5
584,347,130,Savings,Active,2017-06-30,,USD,36700.14,1.44,500,0,4
585,492,432,Salary,Active,2023-08-08,,USD,33834.82,3.46,1000,0,21
586,540,298,Current,Active,2018-04-18,,USD,17435.41,3.23,0,0,9
587,459,406,Savings,Closed,2018-11-30,2019-01-16,USD,18897.52,2.68,0,0,32
588,107,169,Current,Active,2021-02-27,,USD,13418.34,5.46,0,0,4
589,541,442,Savings,Closed,2020-08-11,2022-04-25,USD,13473.95,3.44,1000,0,21
590,757,25,Current,Active,2017-09-09,,USD,13284.04,1.44,1000,0,28
591,757,269,Current,Active,2023-06-10,,USD,16372.49,4.0,0,0,12
592,227,378,Savings,Active,2020-09-04,,USD,22035.02,3.36,1000,0,25
593,211,477,Current,Closed,2017-06-15,2021-03-02,USD,-284.39,1.7,0,1,25
594,234,198,Fixed Deposit,Active,2024-12-26,,USD,39024.45,3.49,1000,0,28
595,697,302,Salary,Dormant,2022-12-28,,USD,13593.14,5.2,2000,0,18
596,420,366,Savings,Dormant,2022-03-18,,USD,16659.5,4.71,0,0,32
597,260,318,Savings,Active,2019-08-03,,USD,1401.87,4.34,0,0,15
598,73,338,Savings,Active,2021-10-13,,USD,35499.15,0.83,1000,0,17
599,698,381,Fixed Deposit,Active,2016-12-16,,USD,134088.21,1.92,1000,0,8
600,405,438,Salary,Active,2025-01-31,,USD,3435.89,4.73,0,0,3
601,481,254,Savings,Active,2023-07-20,,USD,37405.81,1.42,2000,0,16
602,447,326,Savings,Active,2024-08-08,,USD,19612.08,4.35,2000,1,13
603,787,111,Salary,Active,2025-08-11,,USD,146.61,1.26,0,1,23
604,474,106,Fixed Deposit,Active,2025-08-12,,USD,95039.58,5.23,1000,0,12
605,643,102,Savings,Active,2026-03-24,,USD,651.59,2.7,0,0,19
606,571,84,Savings,Closed,2021-11-20,2026-05-06,USD,2080.45,3.92,500,0,2
607,634,383,Savings,Closed,2016-09-11,2024-06-13,USD,16351.93,1.22,0,0,1
608,391,2,Current,Dormant,2016-03-27,,USD,34475.64,1.1,0,0,3
609,578,288,Savings,Active,2025-10-02,,USD,40941.92,5.19,2000,0,40
610,397,239,Fixed Deposit,Active,2023-01-10,,USD,122666.06,1.75,2000,0,10
611,466,283,Salary,Active,2018-09-26,,USD,12552.29,4.15,500,1,11
612,377,394,Savings,Dormant,2026-02-08,,USD,6051.26,2.8,2000,1,15
613,412,66,Salary,Active,2018-01-24,,USD,42355.59,2.61,500,0,29
614,455,206,Current,Active,2020-09-22,,USD,29774.49,1.17,1000,0,14
615,730,100,Current,Closed,2016-12-05,2018-03-21,USD,32683.46,4.42,0,1,36
616,783,422,Savings,Active,2025-09-12,,USD,9214.87,1.21,0,0,29
617,308,481,Salary,Active,2019-09-23,,USD,27873.62,0.75,0,0,11
618,676,204,Fixed Deposit,Active,2025-09-10,,USD,235802.66,0.62,0,0,12
619,280,397,Current,Active,2018-02-09,,USD,28676.34,3.38,0,0,21
620,480,129,Salary,Active,2025-07-15,,USD,41871.99,2.08,1000,0,3
621,693,51,Salary,Active,2020-03-06,,USD,-105.57,4.81,0,0,6
622,321,494,Fixed Deposit,Active,2020-11-12,,USD,37693.2,1.57,0,0,21
623,598,481,Salary,Active,2025-08-27,,USD,31513.95,1.95,0,0,11
624,156,85,Savings,Active,2020-11-01,,USD,27632.14,1.29,1000,0,18
625,707,451,Fixed Deposit,Closed,2018-02-18,2026-08-19,USD,165984.08,1.23,500,0,3
626,139,467,Savings,Active,2025-06-14,,USD,7255.84,0.6,2000,1,24
627,452,310,Current,Active,2023-01-23,,USD,403.48,2.96,2000,0,22
628,88,470,Savings,Active,2016-10-25,,USD,27893.42,3.89,0,0,13
629,650,169,Savings,Active,2017-09-13,,USD,35289.27,2.27,500,0,38
630,428,88,Savings,Active,2019-12-15,,USD,22860.74,5.41,0,0,11
631,54,345,Savings,Active,2018-04-12,,USD,19926.36,2.66,0,0,30
632,676,43,Savings,Active,2020-05-23,,USD,39177.82,5.13,0,0,2
633,310,202,Savings,Active,2024-08-04,,USD,17172.07,3.98,0,0,22
634,376,428,Current,Closed,2026-03-15,2026-05-08,USD,18815.4,4.04,0,1,17
635,566,101,Current,Active,2020-11-14,,USD,41057.76,5.09,0,0,21
636,522,475,Savings,Dormant,2021-09-08,,USD,36183.31,1.04,0,0,5
637,158,302,Salary,Active,2026-03-03,,USD,38797.91,0.55,0,0,22
638,633,37,Savings,Active,2019-12-01,,USD,39146.4,2.8,0,0,7
639,628,64,Savings,Active,2017-12-25,,USD,41269.1,5.13,0,0,6
640,4,230,Salary,Active,2020-08-29,,USD,1774.94,0.9,0,0,13
641,488,435,Savings,Closed,2025-04-13,2026-01-13,USD,27048.33,1.43,0,0,38
642,63,235,Savings,Active,2019-03-14,,USD,7501.22,1.49,0,1,37
643,194,371,Savings,Active,2022-03-04,,USD,8063.03,4.74,0,0,38
644,304,318,Savings,Active,2023-07-24,,USD,9430.75,1.75,0,0,34
645,8,348,Salary,Active,2017-10-03,,USD,12305.94,1.31,0,0,23
646,751,31,Current,Dormant,2022-01-10,,USD,3137.8,4.32,2000,0,6
647,327,312,Salary,Dormant,2016-06-30,,USD,31262.46,3.53,0,0,21
648,462,190,Salary,Active,2024-12-31,,USD,22236.12,4.32,0,0,13
649,234,311,Savings,Active,2019-01-23,,USD,18142.82,4.9,0,1,26
650,475,461,Salary,Active,2016-06-12,,USD,5964.77,4.25,500,1,9
651,325,203,Fixed Deposit,Active,2024-07-06,,USD,99884.59,0.57,2000,1,10
652,608,96,Savings,Active,2020-06-28,,USD,20989.11,1.85,0,0,26
653,163,159,Salary,Dormant,2018-12-19,,USD,12133.97,1.45,1000,0,28
654,446,453,Savings,Closed,2016-07-20,2021-02-13,USD,2219.1,5.31,0,1,31
655,623,152,Savings,Active,2023-02-07,,USD,21987.54,1.58,500,0,20
656,647,83,Savings,Active,2024-08-30,,USD,27640.85,3.56,1000,0,19
657,350,386,Savings,Active,2020-02-24,,USD,5330.07,3.33,500,0,29
658,379,222,Savings,Closed,2021-07-25,2026-04-19,USD,30816.82,5.05,0,0,31
659,288,294,Savings,Active,2025-06-04,,USD,31273.99,5.01,0,0,37
660,235,375,Current,Active,2023-09-19,,USD,36794.39,2.94,500,1,21
661,524,467,Savings,Active,2021-03-15,,USD,27874.12,0.91,500,0,18
662,69,239,Savings,Active,2021-05-06,,USD,34532.53,4.06,0,0,4
663,486,130,Savings,Active,2025-07-13,,USD,15705.68,3.6,1000,0,18
664,328,257,Fixed Deposit,Active,2016-10-12,,USD,134100.73,4.62,2000,0,39
665,620,63,Savings,Active,2024-09-07,,USD,39757.11,3.12,1000,0,25
666,434,371,Salary,Active,2022-08-27,,USD,11374.95,1.22,0,0,27
667,81,196,Current,Dormant,2025-02-22,,USD,6216.47,3.63,1000,0,29
668,777,164,Savings,Active,2025-04-24,,USD,12055.7,4.03,500,0,38
669,132,171,Fixed Deposit,Active,2022-02-18,,USD,216941.04,3.26,0,0,25
670,564,14,Current,Active,2024-08-13,,USD,17496.97,2.13,0,0,21
671,580,403,Current,Dormant,2017-01-24,,USD,2041.59,4.09,0,0,5
672,144,79,Savings,Active,2018-01-05,,USD,31980.35,0.96,0,1,22
673,84,220,Savings,Active,2021-05-29,,USD,17725.47,0.81,500,0,26
674,712,81,Current,Active,2026-02-20,,USD,8930.08,1.3,0,0,4
675,661,362,Current,Active,2017-10-14,,USD,37851.64,1.63,0,0,15
676,157,462,Savings,Active,2021-09-08,,USD,17132.4,3.67,500,0,19
677,505,13,Current,Active,2023-08-26,,USD,24526.41,0.7,1000,0,15
678,597,260,Savings,Active,2021-02-11,,USD,25962.04,2.34,0,0,10
679,550,4,Fixed Deposit,Active,2023-08-13,,USD,70390.22,3.28,1000,0,13
680,773,322,Savings,Active,2022-04-26,,USD,40355.73,2.46,2000,0,2
681,457,319,Fixed Deposit,Active,2018-06-08,,USD,192515.67,1.52,0,0,7
682,761,495,Salary,Active,2020-06-08,,USD,25444.42,4.24,2000,0,38
683,311,191,Current,Active,2024-08-09,,USD,9956.36,4.95,0,0,2
684,318,7,Savings,Active,2025-02-09,,USD,14693.91,3.0,2000,0,21
685,469,208,Current,Active,2021-08-13,,USD,21871.54,3.3,0,0,16
686,80,326,Savings,Active,2025-02-16,,USD,919.6,0.75,0,1,1
687,311,236,Savings,Active,2024-10-31,,USD,6756.67,0.77,0,0,28
688,760,465,Savings,Active,2017-11-05,,USD,29239.98,1.99,0,1,20
689,146,138,Current,Closed,2023-02-05,2024-03-26,USD,44239.38,5.07,0,1,2
690,488,91,Savings,Active,2016-04-20,,USD,10183.53,4.85,1000,0,18
691,277,12,Salary,Active,2018-05-20,,USD,32780.25,1.27,0,0,25
692,31,20,Current,Dormant,2023-10-25,,USD,18265.3,5.36,1000,1,5
693,789,465,Savings,Active,2025-12-29,,USD,21302.29,4.51,0,0,13
694,241,366,Savings,Active,2016-03-28,,USD,29083.29,4.87,500,0,32
695,238,381,Salary,Active,2024-03-07,,USD,16063.58,3.49,500,0,35
696,168,199,Current,Active,2022-02-17,,USD,24571.59,1.23,2000,0,27
697,179,308,Savings,Active,2023-06-28,,USD,15308.39,1.96,2000,0,32
698,692,286,Savings,Closed,2020-06-18,2024-09-07,USD,3433.27,1.77,0,0,23
699,661,247,Current,Active,2026-05-10,,USD,30455.36,4.95,0,0,10
700,614,181,Current,Dormant,2020-09-21,,USD,6753.97,4.49,0,1,14
701,710,210,Savings,Active,2023-04-17,,USD,4590.54,3.01,0,0,37
702,5,134,Fixed Deposit,Active,2020-03-11,,USD,41217.24,1.63,2000,0,32
703,120,172,Salary,Active,2025-10-08,,USD,24454.51,2.47,2000,0,15
704,591,186,Salary,Active,2018-06-16,,USD,44451.75,1.63,2000,0,13
705,734,1,Salary,Closed,2020-03-20,2025-03-31,USD,35897.05,2.98,0,0,20
706,248,402,Savings,Dormant,2017-07-11,,USD,24159.49,0.98,0,0,2
707,303,63,Savings,Dormant,2024-04-02,,USD,30461.91,0.84,500,1,28
708,367,351,Savings,Active,2019-10-20,,USD,13159.8,2.44,0,0,40
709,604,488,Current,Active,2016-01-09,,USD,1405.31,2.96,0,0,23
710,32,134,Salary,Dormant,2021-08-18,,USD,16960.86,3.2,0,0,38
711,636,467,Savings,Closed,2016-11-16,2025-02-08,USD,21809.04,0.64,0,1,6
712,487,133,Current,Active,2017-11-17,,USD,32454.68,4.08,0,0,22
713,248,320,Fixed Deposit,Active,2022-07-21,,USD,77487.9,4.39,500,0,27
714,98,6,Current,Active,2019-06-01,,USD,30223.54,0.64,1000,0,33
715,186,246,Savings,Active,2017-08-28,,USD,35959.5,3.18,2000,0,38
716,121,370,Current,Active,2026-05-02,,USD,20053.53,4.77,0,0,22
717,437,58,Current,Closed,2023-01-25,2025-06-10,USD,2995.34,2.91,0,0,12
718,792,200,Savings,Active,2016-02-26,,USD,14973.2,3.92,500,0,29
719,718,484,Savings,Active,2019-06-28,,USD,5505.95,5.39,1000,0,29
720,509,195,Salary,Active,2026-04-19,,USD,31732.6,4.99,0,0,7
721,429,251,Savings,Active,2025-10-04,,USD,31443.17,0.83,0,0,23
722,487,213,Current,Active,2023-02-25,,USD,41717.98,1.19,0,0,37
723,192,353,Savings,Active,2020-03-20,,USD,24339.31,3.29,500,0,12
724,597,220,Savings,Active,2017-07-25,,USD,8711.35,2.0,2000,0,1
725,381,31,Current,Active,2016-10-04,,USD,23367.62,1.83,1000,0,9
726,328,489,Savings,Active,2022-10-13,,USD,9217.03,3.82,500,0,7
727,177,206,Current,Active,2025-10-04,,USD,38570.52,0.85,2000,0,33
728,149,457,Salary,Active,2016-10-03,,USD,44538.95,0.86,0,0,27
729,641,193,Fixed Deposit,Dormant,2021-12-10,,USD,101627.55,4.26,0,1,26
730,29,101,Current,Closed,2019-05-30,2022-04-18,USD,17280.32,3.53,0,0,9
731,491,325,Fixed Deposit,Active,2020-10-03,,USD,101662.63,4.86,2000,0,39
732,534,151,Current,Active,2022-03-10,,USD,26791.89,2.59,1000,0,10
733,792,341,Savings,Active,2016-05-30,,USD,12277.92,3.75,0,0,35
734,620,173,Fixed Deposit,Dormant,2022-02-24,,USD,117504.48,2.94,2000,0,36
735,699,320,Current,Active,2024-01-17,,USD,5745.66,2.19,2000,0,22
736,546,273,Current,Active,2018-10-18,,USD,28125.02,5.17,0,0,15
737,321,492,Fixed Deposit,Dormant,2020-06-23,,USD,141525.43,2.24,0,0,22
738,531,359,Savings,Active,2022-05-05,,USD,18785.09,3.8,1000,1,9
739,789,365,Savings,Active,2019-01-03,,USD,15947.66,3.21,0,0,30
740,596,275,Savings,Active,2021-09-10,,USD,39364.63,3.69,0,0,22
741,188,471,Current,Active,2016-03-02,,USD,10676.34,2.92,0,1,30
742,551,181,Savings,Active,2017-08-25,,USD,10990.37,5.33,1000,1,1
743,69,99,Salary,Active,2025-04-16,,USD,22025.03,5.17,1000,0,18
744,524,300,Savings,Active,2016-05-23,,USD,44161.78,3.64,500,0,31
745,448,206,Savings,Active,2019-06-12,,USD,5092.71,4.3,0,0,5
746,285,57,Current,Active,2016-05-08,,USD,35166.11,5.13,2000,0,3
747,677,300,Savings,Active,2022-04-21,,USD,43946.05,4.1,0,0,15
748,226,328,Current,Active,2023-08-07,,USD,41717.25,2.27,0,0,36
749,599,167,Salary,Active,2022-11-24,,USD,43471.19,2.42,1000,0,11
750,94,302,Salary,Closed,2021-08-24,2026-07-17,USD,11772.68,2.93,0,0,27
751,227,127,Current,Active,2022-03-25,,USD,7396.21,1.6,0,0,20
752,446,307,Salary,Dormant,2023-03-15,,USD,19800.52,1.66,0,0,29
753,454,78,Salary,Active,2021-04-14,,USD,27484.91,2.4,1000,0,14
754,690,260,Savings,Dormant,2019-01-15,,USD,15074.14,0.6,1000,0,29
755,622,109,Savings,Active,2017-05-09,,USD,26843.39,3.99,500,0,26
756,213,115,Savings,Active,2025-03-10,,USD,10818.84,1.95,0,0,31
757,25,364,Fixed Deposit,Active,2019-07-08,,USD,174410.35,2.76,0,0,23
758,369,203,Savings,Active,2023-08-29,,USD,19762.4,2.62,500,0,15
759,276,195,Fixed Deposit,Active,2021-05-02,,USD,39566.65,1.6,1000,0,39
760,544,431,Savings,Active,2022-07-22,,USD,16855.71,0.74,0,0,11
761,95,326,Current,Active,2022-09-28,,USD,3106.12,5.16,500,0,10
762,447,146,Salary,Active,2018-12-14,,USD,18130.63,1.33,0,0,6
763,636,27,Current,Active,2020-09-14,,USD,39168.17,4.83,2000,0,36
764,482,500,Savings,Active,2021-09-06,,USD,281.77,5.31,1000,0,5
765,792,53,Savings,Active,2020-10-07,,USD,23794.88,4.4,1000,0,12
766,157,282,Fixed Deposit,Active,2024-06-09,,USD,2236.19,4.78,0,0,2
767,513,267,Salary,Active,2025-07-04,,USD,7098.56,2.85,0,0,39
768,377,304,Salary,Active,2023-03-29,,USD,20199.96,4.05,2000,0,39
769,773,22,Savings,Active,2020-08-06,,USD,-473.91,2.8,500,0,26
770,564,286,Salary,Dormant,2019-09-19,,USD,20731.22,3.74,1000,0,39
771,592,382,Salary,Active,2017-11-12,,USD,10940.06,5.18,0,0,32
772,130,429,Savings,Active,2025-04-28,,USD,44759.51,4.71,0,0,27
773,392,200,Savings,Active,2020-03-07,,USD,21668.58,4.25,0,0,10
774,461,459,Current,Active,2020-01-25,,USD,5862.95,4.47,500,0,2
775,233,480,Savings,Active,2018-01-15,,USD,20718.88,2.83,0,0,27
776,53,129,Fixed Deposit,Dormant,2024-01-04,,USD,230690.54,1.98,0,0,25
777,670,463,Savings,Active,2022-11-03,,USD,15642.23,3.06,500,0,31
778,70,187,Savings,Active,2016-04-09,,USD,22555.65,0.56,0,0,36
779,277,31,Savings,Active,2022-05-30,,USD,23209.64,0.62,500,0,40
780,472,184,Current,Active,2018-11-11,,USD,1816.69,3.08,0,1,32
781,444,406,Current,Active,2024-02-16,,USD,24433.53,4.24,1000,0,10
782,387,175,Current,Active,2026-01-13,,USD,32375.73,1.84,0,0,13
783,96,326,Savings,Active,2016-08-29,,USD,1406.07,2.01,0,0,37
784,199,222,Salary,Dormant,2022-07-16,,USD,18924.47,3.34,0,0,5
785,168,456,Savings,Active,2026-02-19,,USD,35309.05,1.6,0,1,32
786,117,42,Current,Dormant,2021-02-25,,USD,15094.54,4.14,0,1,17
787,591,295,Current,Dormant,2021-07-17,,USD,33266.07,3.66,0,0,38
788,533,362,Savings,Active,2020-01-02,,USD,40294.85,1.63,0,0,18
789,337,499,Current,Active,2017-07-24,,USD,32454.59,2.52,1000,0,17
790,110,438,Savings,Active,2022-06-30,,USD,35148.18,4.9,0,0,10
791,101,370,Current,Active,2025-07-13,,USD,33284.82,2.6,0,0,16
792,167,331,Current,Closed,2021-04-08,2025-02-22,USD,2517.59,2.07,0,0,28
793,158,221,Current,Active,2017-08-08,,USD,42160.53,1.09,0,0,32
794,406,312,Savings,Active,2024-09-07,,USD,10197.57,1.72,0,0,39
795,335,314,Savings,Active,2019-05-02,,USD,3235.32,4.48,0,0,28
796,505,476,Savings,Closed,2022-01-03,2024-04-22,USD,36268.48,3.74,0,0,12
797,34,70,Savings,Dormant,2023-10-23,,USD,30382.66,5.09,2000,0,37
798,90,21,Savings,Active,2024-03-26,,USD,4048.69,5.48,0,1,40
799,1,437,Fixed Deposit,Active,2021-07-17,,USD,224269.18,4.62,500,0,38
800,299,326,Salary,Active,2023-02-05,,USD,27379.53,1.19,500,0,17
801,162,342,Salary,Active,2016-01-03,,USD,22086.91,1.62,0,0,22
802,681,85,Current,Dormant,2022-09-14,,USD,15823.21,3.04,0,0,26
803,429,430,Fixed Deposit,Active,2023-02-08,,USD,211788.36,3.83,0,0,10
804,721,81,Savings,Active,2024-04-02,,USD,39318.94,1.24,500,0,5
805,290,410,Savings,Active,2019-11-03,,USD,10386.06,2.91,500,0,36
806,747,311,Savings,Active,2023-03-30,,USD,40249.33,3.78,0,0,13
807,354,34,Savings,Dormant,2025-03-13,,USD,36065.05,2.45,500,0,26
808,727,458,Savings,Active,2022-11-29,,USD,14374.32,5.33,500,0,37
809,717,96,Savings,Active,2025-01-14,,USD,42920.18,2.58,500,1,22
810,152,22,Salary,Active,2023-11-14,,USD,26978.44,5.29,0,0,27
811,40,410,Savings,Active,2020-01-24,,USD,15104.82,3.57,0,0,31
812,791,439,Fixed Deposit,Active,2023-07-31,,USD,36994.07,3.9,2000,0,18
813,544,208,Salary,Closed,2019-06-16,2022-09-30,USD,27367.1,3.56,500,0,3
814,466,383,Current,Active,2016-05-25,,USD,44853.95,2.78,0,0,27
815,604,333,Fixed Deposit,Active,2023-01-04,,USD,207396.71,2.59,500,1,39
816,586,122,Fixed Deposit,Dormant,2017-09-30,,USD,55763.74,1.82,2000,1,15
817,685,481,Current,Active,2025-05-15,,USD,-305.03,1.65,0,1,29
818,245,211,Savings,Active,2017-10-31,,USD,2962.81,4.52,1000,0,35
819,427,9,Current,Closed,2023-10-10,2026-03-29,USD,35655.65,3.7,0,0,4
820,509,308,Savings,Active,2018-10-17,,USD,12583.85,1.08,0,1,25
821,575,386,Savings,Active,2017-11-25,,USD,8611.7,3.93,0,0,16
822,492,11,Savings,Closed,2021-06-14,2023-11-08,USD,32761.25,1.35,0,0,27
823,166,481,Savings,Active,2020-02-08,,USD,15945.05,4.33,0,0,35
824,709,289,Current,Active,2017-06-17,,USD,6578.37,1.11,0,1,5
825,798,410,Salary,Closed,2024-08-09,2025-11-12,USD,43414.04,1.07,500,0,33
826,785,444,Salary,Active,2017-12-07,,USD,5055.44,3.84,0,0,23
827,95,187,Savings,Dormant,2018-07-27,,USD,24311.35,1.75,0,1,40
828,785,46,Fixed Deposit,Active,2025-11-29,,USD,85558.19,3.11,2000,0,31
829,776,335,Savings,Active,2023-02-13,,USD,17212.16,4.28,0,0,26
830,218,87,Savings,Active,2023-09-13,,USD,34692.58,4.24,0,1,15
831,673,496,Fixed Deposit,Active,2024-10-26,,USD,192721.21,2.44,2000,0,3
832,38,240,Savings,Active,2024-03-22,,USD,279.02,3.82,0,0,27
833,768,445,Savings,Active,2024-08-24,,USD,20588.4,1.17,0,0,36
834,785,61,Current,Active,2018-04-25,,USD,24688.12,3.26,0,0,3
835,654,167,Savings,Active,2025-10-18,,USD,18866.65,0.69,0,0,20
836,681,72,Current,Dormant,2021-09-08,,USD,44967.27,1.9,500,1,34
837,373,39,Current,Active,2025-05-22,,USD,18012.63,0.63,0,0,6
838,141,494,Current,Active,2021-12-18,,USD,4055.58,1.07,0,0,21
839,127,95,Current,Active,2017-01-27,,USD,3087.17,0.75,0,0,36
840,773,286,Fixed Deposit,Active,2020-03-20,,USD,178217.83,5.18,2000,0,36
841,674,156,Savings,Active,2018-09-18,,USD,41850.82,2.06,500,0,22
842,276,395,Savings,Active,2023-02-16,,USD,42678.76,3.44,0,1,3
843,481,431,Savings,Active,2025-07-16,,USD,11524.84,3.45,1000,1,16
844,84,177,Savings,Active,2017-12-10,,USD,25390.19,4.83,2000,0,31
845,224,388,Salary,Active,2023-12-06,,USD,43056.77,4.82,1000,0,27
846,6,361,Current,Active,2023-07-11,,USD,35657.08,4.38,0,0,16
847,61,229,Savings,Active,2025-09-15,,USD,8257.47,3.14,0,0,38
848,422,484,Current,Active,2017-11-07,,USD,27545.51,4.95,2000,0,39
849,510,1,Fixed Deposit,Active,2025-11-03,,USD,47831.68,1.76,0,0,38
850,123,356,Savings,Active,2020-01-20,,USD,10003.93,1.75,0,0,26
851,137,115,Savings,Active,2026-02-01,,USD,-371.8,1.55,0,0,1
852,424,56,Savings,Active,2017-10-15,,USD,6187.93,3.74,0,1,21
853,421,201,Current,Active,2025-11-07,,USD,19675.24,1.51,2000,0,25
854,362,99,Salary,Dormant,2018-04-23,,USD,29634.81,2.95,0,0,17
855,4,230,Current,Active,2023-03-27,,USD,39946.62,0.8,500,0,14
856,424,58,Salary,Active,2019-07-30,,USD,12209.43,2.63,0,0,34
857,67,311,Current,Active,2022-05-01,,USD,9706.37,1.5,0,0,25
858,277,84,Current,Active,2023-02-24,,USD,5573.65,4.41,2000,0,15
859,565,269,Current,Active,2017-01-23,,USD,11679.25,2.35,0,0,18
860,675,273,Salary,Active,2024-12-17,,USD,423.63,3.34,0,0,19
861,259,431,Savings,Closed,2025-10-14,2025-11-17,USD,41877.41,4.78,1000,0,34
862,188,333,Current,Active,2023-05-27,,USD,6283.88,0.6,2000,0,27
863,582,181,Savings,Active,2019-11-05,,USD,4435.21,2.03,500,0,18
864,601,106,Current,Active,2016-04-07,,USD,43209.76,3.33,0,0,31
865,640,103,Salary,Active,2022-09-22,,USD,38529.74,2.28,0,0,32
866,234,229,Fixed Deposit,Active,2021-05-28,,USD,19113.25,3.33,0,0,3
867,210,248,Savings,Closed,2025-12-16,2026-08-18,USD,2803.48,3.9,1000,0,9
868,227,393,Savings,Active,2021-10-26,,USD,1166.02,0.56,1000,0,18
869,659,312,Salary,Dormant,2016-02-29,,USD,3753.47,5.12,1000,0,17
870,613,283,Salary,Closed,2019-05-03,2022-11-29,USD,10475.05,2.88,0,0,1
871,502,435,Fixed Deposit,Active,2023-01-31,,USD,221872.69,1.0,1000,0,37
872,285,1,Savings,Active,2024-08-03,,USD,15738.94,2.76,2000,0,7
873,643,302,Savings,Active,2018-05-02,,USD,7329.1,1.28,2000,0,12
874,201,440,Savings,Active,2018-01-08,,USD,20468.91,3.81,0,0,3
875,121,386,Fixed Deposit,Active,2022-07-17,,USD,156801.29,4.9,0,0,28
876,158,365,Savings,Dormant,2017-04-01,,USD,21054.72,0.54,0,0,12
877,701,448,Salary,Active,2023-01-13,,USD,34281.0,1.56,0,0,28
878,235,371,Salary,Active,2021-05-02,,USD,23171.91,3.27,2000,0,38
879,600,174,Salary,Active,2022-01-03,,USD,44873.4,3.16,1000,0,29
880,436,90,Current,Active,2025-08-24,,USD,12202.48,1.8,0,1,2
881,201,215,Savings,Active,2017-03-06,,USD,20651.51,0.96,1000,0,9
882,56,121,Salary,Active,2021-01-04,,USD,38501.5,3.3,500,1,38
883,730,393,Salary,Active,2021-01-16,,USD,7680.56,4.88,0,0,4
884,521,456,Current,Dormant,2016-06-27,,USD,10488.01,3.26,0,0,6
885,266,137,Savings,Active,2021-06-06,,USD,7613.11,2.64,0,0,15
886,716,337,Savings,Active,2023-05-04,,USD,19626.82,2.61,2000,0,21
887,472,86,Current,Closed,2022-01-22,2023-04-19,USD,14864.51,0.67,0,0,2
888,741,16,Savings,Active,2016-05-23,,USD,33270.01,3.69,0,0,13
889,493,429,Savings,Active,2024-09-24,,USD,24025.93,2.36,2000,0,39
890,27,383,Savings,Active,2018-03-10,,USD,16746.55,1.08,1000,0,19
891,268,83,Savings,Dormant,2019-03-16,,USD,26815.85,3.38,500,0,34
892,787,41,Savings,Dormant,2019-05-22,,USD,12648.46,3.61,0,0,31
893,42,268,Savings,Active,2020-09-21,,USD,26764.13,0.51,0,1,25
894,354,337,Savings,Active,2019-05-28,,USD,22973.03,3.15,500,0,8
895,242,220,Savings,Active,2019-05-31,,USD,9866.94,2.11,2000,0,20
896,175,418,Current,Active,2017-02-11,,USD,24640.72,0.7,500,0,14
897,247,219,Current,Active,2023-08-04,,USD,20431.08,2.28,0,0,34
898,190,66,Savings,Active,2019-10-24,,USD,1637.89,1.11,500,0,34
899,128,472,Current,Active,2025-03-24,,USD,-273.79,3.63,0,1,12
900,561,251,Current,Closed,2024-07-06,2025-07-15,USD,22962.68,2.39,0,0,5
901,410,141,Savings,Active,2024-10-22,,USD,5938.29,2.5,2000,0,11
902,535,302,Current,Active,2021-06-18,,USD,13491.1,1.99,0,0,27
903,775,382,Savings,Active,2018-06-24,,USD,37949.3,2.65,0,0,17
904,85,245,Salary,Dormant,2020-06-09,,USD,12768.95,5.41,500,0,24
905,776,152,Salary,Active,2024-11-13,,USD,17849.2,1.65,2000,0,35
906,700,97,Savings,Closed,2016-06-23,2026-04-04,USD,40970.2,0.62,0,0,20
907,422,422,Savings,Active,2018-10-07,,USD,25694.78,4.57,1000,1,2
908,791,119,Salary,Active,2024-10-25,,USD,24802.11,3.0,0,0,18
909,340,386,Fixed Deposit,Active,2023-04-05,,USD,207946.75,0.81,2000,0,19
910,704,339,Savings,Dormant,2022-09-13,,USD,10366.18,5.08,0,1,23
911,199,441,Current,Active,2017-02-19,,USD,39698.35,1.11,2000,0,10
912,105,48,Savings,Active,2025-11-24,,USD,23442.62,4.11,0,0,39
913,204,127,Current,Active,2024-04-02,,USD,8508.55,1.58,500,0,15
914,41,468,Savings,Active,2016-05-13,,USD,2996.25,0.92,1000,0,32
915,777,173,Fixed Deposit,Active,2019-09-08,,USD,240186.95,4.79,1000,0,34
916,9,6,Fixed Deposit,Active,2020-10-03,,USD,6690.99,4.55,1000,0,27
917,115,290,Savings,Active,2022-05-31,,USD,41556.85,1.72,500,0,32
918,271,388,Savings,Closed,2025-11-15,2025-12-20,USD,4946.39,4.12,500,1,40
919,697,113,Savings,Active,2022-02-28,,USD,15233.56,4.93,0,0,5
920,127,462,Current,Active,2020-12-03,,USD,12551.05,3.2,0,0,34
921,489,182,Salary,Active,2016-08-16,,USD,33921.71,2.54,0,0,11
922,221,321,Current,Active,2023-08-18,,USD,10426.48,1.88,0,0,6
923,262,496,Savings,Active,2017-05-15,,USD,32748.09,1.15,1000,0,3
924,376,334,Savings,Active,2020-12-23,,USD,10313.01,5.18,500,0,3
925,532,368,Savings,Active,2018-10-30,,USD,18906.48,4.73,0,1,4
926,533,470,Savings,Active,2017-05-08,,USD,39746.55,0.94,0,0,30
927,75,169,Fixed Deposit,Active,2024-10-18,,USD,238199.03,4.34,0,1,23
928,54,435,Savings,Active,2021-06-26,,USD,19348.94,1.04,2000,0,28
929,782,297,Current,Active,2024-12-01,,USD,9094.07,3.12,0,0,3
930,119,127,Savings,Active,2019-08-17,,USD,35618.42,5.43,0,0,16
931,489,458,Current,Active,2017-09-11,,USD,40164.48,1.18,0,0,24
932,630,385,Savings,Active,2017-06-04,,USD,16360.61,3.96,0,0,4
933,520,196,Fixed Deposit,Active,2019-06-12,,USD,16256.74,1.95,1000,0,2
934,732,240,Fixed Deposit,Active,2024-06-04,,USD,41441.98,4.28,2000,0,27
935,786,331,Current,Active,2024-06-05,,USD,35013.6,1.98,1000,0,39
936,764,388,Current,Active,2020-06-16,,USD,38366.2,0.95,1000,0,35
937,375,307,Savings,Closed,2016-08-10,2019-11-15,USD,10793.14,2.15,0,0,33
938,318,301,Current,Closed,2024-01-19,2025-05-17,USD,8347.52,1.38,0,0,15
939,302,416,Savings,Closed,2024-04-01,2025-05-03,USD,17891.65,3.3,0,0,2
940,572,251,Savings,Active,2020-08-09,,USD,20301.76,2.59,0,0,12
941,768,114,Savings,Closed,2019-02-10,2020-05-17,USD,32460.26,3.1,0,0,39
942,371,345,Savings,Closed,2021-02-17,2023-01-01,USD,5802.8,4.99,0,0,19
943,4,476,Savings,Active,2019-07-07,,USD,29693.02,5.41,2000,0,28
944,350,16,Current,Dormant,2023-09-19,,USD,6199.53,3.45,0,0,10
945,445,351,Savings,Active,2022-12-21,,USD,16900.74,2.39,500,0,14
946,16,297,Current,Active,2021-08-21,,USD,30076.53,3.93,0,0,34
947,322,302,Savings,Closed,2019-07-15,2023-09-24,USD,4968.46,4.72,0,0,10
948,247,311,Salary,Active,2026-01-17,,USD,22660.92,3.63,0,1,11
949,490,401,Savings,Active,2024-04-18,,USD,38275.45,2.67,500,1,25
950,65,29,Savings,Closed,2019-04-22,2024-07-20,USD,17117.03,1.51,0,0,40
951,343,438,Fixed Deposit,Dormant,2022-05-23,,USD,12026.64,0.83,1000,0,18
952,83,154,Current,Active,2017-11-07,,USD,33066.73,0.77,500,0,34
953,201,463,Current,Active,2017-05-05,,USD,18206.64,1.22,2000,0,18
954,277,9,Salary,Active,2025-12-23,,USD,26747.02,2.45,0,0,29
955,144,386,Savings,Dormant,2025-06-25,,USD,30048.4,3.48,0,0,6
956,764,463,Current,Active,2026-01-28,,USD,21073.34,2.42,0,1,37
957,717,495,Current,Active,2024-06-17,,USD,11491.34,2.49,1000,0,17
958,69,102,Savings,Active,2020-06-16,,USD,3558.0,1.16,0,0,11
959,208,183,Fixed Deposit,Active,2019-06-18,,USD,116824.84,5.14,500,0,11
960,695,54,Savings,Active,2017-06-01,,USD,16782.24,1.59,500,0,33
961,686,167,Savings,Active,2024-11-11,,USD,25591.32,2.22,0,0,29
962,77,473,Current,Active,2025-03-10,,USD,11539.24,0.75,0,1,21
963,49,74,Salary,Active,2016-06-12,,USD,1456.56,4.59,500,0,4
964,243,240,Savings,Active,2024-05-07,,USD,4123.5,2.85,0,1,30
965,759,421,Current,Active,2019-11-18,,USD,41140.26,0.88,0,0,32
966,604,283,Salary,Active,2018-05-23,,USD,8299.04,3.1,500,0,35
967,349,391,Salary,Active,2022-09-28,,USD,30748.46,2.69,500,1,15
968,553,128,Salary,Dormant,2018-06-01,,USD,7563.36,3.91,0,0,22
969,235,304,Salary,Closed,2025-12-24,2026-01-25,USD,542.8,4.43,1000,0,28
970,413,361,Fixed Deposit,Active,2025-02-19,,USD,119606.4,0.81,500,0,26
971,531,416,Salary,Dormant,2025-03-13,,USD,203.51,4.32,500,0,6
972,675,447,Savings,Active,2024-08-12,,USD,15393.32,3.87,0,1,24
973,16,414,Savings,Closed,2024-04-28,2026-05-11,USD,42136.17,3.93,500,0,5
974,536,346,Salary,Active,2016-09-20,,USD,44167.44,1.19,1000,0,30
975,774,315,Fixed Deposit,Active,2016-01-22,,USD,133588.16,3.91,0,0,39
976,555,151,Salary,Dormant,2019-07-17,,USD,42865.45,1.13,0,1,3
977,620,367,Salary,Active,2016-05-08,,USD,24173.85,5.38,1000,0,17
978,520,153,Current,Active,2018-02-15,,USD,27054.69,4.73,1000,0,5
979,663,45,Savings,Active,2022-08-04,,USD,24329.0,2.79,0,0,29
980,94,189,Fixed Deposit,Active,2021-10-14,,USD,136015.03,2.74,500,0,12
981,27,496,Current,Active,2017-11-23,,USD,35001.28,5.32,0,0,30
982,507,323,Current,Active,2017-01-16,,USD,6321.23,3.62,500,0,10
983,133,168,Current,Active,2019-02-27,,USD,44735.73,0.69,2000,0,34
984,1,212,Current,Active,2024-11-11,,USD,35554.44,2.34,2000,0,2
985,680,475,Salary,Active,2021-06-19,,USD,17252.03,4.14,0,0,37
986,40,16,Current,Active,2019-12-28,,USD,40439.39,1.38,2000,0,24
987,275,132,Savings,Active,2022-02-08,,USD,20461.2,2.47,0,0,40
988,302,97,Current,Active,2026-05-13,,USD,5555.95,3.16,1000,0,26
989,228,460,Fixed Deposit,Active,2021-02-09,,USD,225384.4,3.36,0,0,11
990,267,42,Current,Dormant,2021-03-15,,USD,7990.38,4.31,2000,1,31
991,183,485,Fixed Deposit,Active,2024-11-08,,USD,242158.57,1.36,1000,0,15
992,352,280,Current,Active,2026-04-25,,USD,4151.04,4.8,1000,0,26
993,379,195,Savings,Active,2018-04-24,,USD,23111.54,5.28,1000,0,40
994,329,403,Current,Active,2020-09-04,,USD,37031.22,1.62,0,0,40
995,123,466,Current,Active,2022-08-21,,USD,25751.89,5.13,0,1,39
996,496,86,Savings,Active,2020-08-04,,USD,31563.22,3.41,0,0,6
997,373,111,Savings,Active,2025-11-20,,USD,12861.07,1.04,0,0,14
998,747,90,Savings,Dormant,2022-09-12,,USD,36698.02,2.88,1000,0,28
999,459,452,Savings,Active,2017-07-23,,USD,27745.07,5.26,0,0,7
1000,291,410,Salary,Active,2016-01-25,,USD,15600.61,2.78,1000,0,8
1001,713,313,Current,Active,2019-10-25,,USD,27030.77,4.67,500,0,24
1002,133,124,Salary,Active,2021-05-14,,USD,38468.63,2.24,0,1,22
1003,571,431,Fixed Deposit,Active,2023-09-11,,USD,104049.97,5.28,1000,0,29
1004,552,235,Savings,Dormant,2017-09-29,,USD,5788.97,4.03,1000,0,18
1005,555,335,Savings,Active,2019-11-04,,USD,43386.36,4.48,0,0,40
1006,295,93,Current,Active,2018-03-06,,USD,27454.4,1.09,0,0,28
1007,341,14,Savings,Dormant,2025-12-25,,USD,39653.29,0.71,0,0,15
1008,601,344,Salary,Active,2021-06-23,,USD,10257.17,3.71,0,0,21
1009,71,110,Savings,Active,2024-05-21,,USD,1037.41,1.52,2000,0,12
1010,699,53,Savings,Active,2017-10-19,,USD,23151.31,3.58,500,0,32
1011,148,264,Fixed Deposit,Active,2021-08-28,,USD,234166.45,2.62,2000,0,19
1012,659,220,Savings,Active,2024-07-02,,USD,16166.38,3.08,2000,0,24
1013,295,111,Fixed Deposit,Active,2023-09-04,,USD,54648.74,4.57,2000,0,7
1014,755,70,Savings,Active,2017-12-25,,USD,8608.24,1.22,2000,0,20
1015,640,49,Savings,Active,2016-08-27,,USD,39789.44,3.1,500,0,11
1016,209,382,Current,Active,2018-01-31,,USD,23729.35,4.33,500,0,6
1017,682,242,Savings,Active,2017-06-28,,USD,15428.99,2.82,0,0,24
1018,576,333,Savings,Active,2024-10-04,,USD,6541.35,3.36,0,0,40
1019,93,270,Salary,Dormant,2016-01-27,,USD,33256.51,2.41,2000,0,7
1020,402,28,Current,Active,2019-03-05,,USD,19498.91,1.1,500,0,30
1021,704,114,Savings,Active,2016-12-18,,USD,32637.81,5.13,2000,0,12
1022,30,172,Savings,Active,2019-12-05,,USD,42961.27,5.05,0,0,11
1023,104,390,Savings,Active,2016-01-31,,USD,38350.97,0.88,0,0,36
1024,148,125,Salary,Active,2016-12-07,,USD,16048.0,5.32,1000,1,35
1025,209,168,Current,Active,2018-07-20,,USD,18513.33,2.95,2000,0,32
1026,225,84,Salary,Active,2018-09-25,,USD,42356.37,3.36,0,1,37
1027,794,264,Current,Active,2017-09-01,,USD,7710.95,2.73,1000,0,12
1028,585,91,Savings,Active,2023-06-22,,USD,14565.49,3.83,1000,0,34
1029,510,383,Savings,Active,2020-10-27,,USD,40239.91,2.13,1000,1,34
1030,249,68,Savings,Dormant,2016-04-02,,USD,33750.08,0.99,0,0,4
1031,562,99,Savings,Dormant,2017-09-19,,USD,11571.68,3.27,1000,0,30
1032,532,266,Current,Active,2020-11-29,,USD,15393.74,1.55,2000,0,24
1033,684,272,Savings,Active,2021-05-27,,USD,23842.03,5.12,0,0,18
1034,310,124,Fixed Deposit,Active,2016-11-27,,USD,203677.45,4.78,1000,0,30
1035,69,184,Salary,Active,2020-09-30,,USD,9057.34,4.14,0,0,10
1036,659,306,Savings,Closed,2024-03-12,2026-06-02,USD,42353.15,4.25,2000,0,20
1037,204,253,Savings,Dormant,2020-12-31,,USD,22767.83,0.78,0,1,37
1038,426,249,Savings,Active,2019-05-05,,USD,22243.87,3.54,0,0,4
1039,649,79,Salary,Active,2023-10-11,,USD,6661.91,4.83,2000,1,27
1040,478,401,Current,Active,2019-10-13,,USD,27065.6,4.23,0,0,25
1041,413,55,Savings,Active,2022-07-15,,USD,5003.53,4.11,500,0,22
1042,678,396,Fixed Deposit,Active,2021-01-14,,USD,233103.98,1.49,1000,0,14
1043,38,154,Current,Active,2019-12-12,,USD,14847.75,3.18,2000,0,20
1044,796,275,Savings,Active,2024-12-25,,USD,12333.05,1.0,0,0,36
1045,700,210,Current,Active,2025-10-23,,USD,14840.58,0.54,2000,0,9
1046,154,316,Savings,Active,2019-05-22,,USD,37719.61,3.46,2000,0,23
1047,739,202,Salary,Active,2022-06-11,,USD,33266.1,3.78,0,0,37
1048,611,183,Savings,Active,2021-04-27,,USD,22093.39,0.59,0,0,30
1049,122,74,Savings,Active,2024-01-29,,USD,15835.23,2.13,0,0,9
1050,218,450,Savings,Closed,2022-12-22,2024-08-24,USD,39908.65,4.39,0,0,31
1051,56,225,Savings,Active,2025-05-15,,USD,21308.63,3.29,0,0,39
1052,635,32,Savings,Active,2021-10-07,,USD,3384.5,2.63,1000,0,15
1053,134,66,Salary,Active,2023-08-07,,USD,42504.44,1.04,0,0,11
1054,701,335,Current,Active,2020-02-02,,USD,31820.09,1.93,0,0,2
1055,631,193,Fixed Deposit,Active,2021-09-20,,USD,124121.94,5.07,2000,0,28
1056,316,330,Savings,Active,2017-11-22,,USD,30306.62,5.49,0,0,12
1057,253,132,Current,Active,2020-07-29,,USD,37573.04,1.76,500,0,3
1058,569,31,Salary,Active,2017-04-05,,USD,22895.33,0.69,0,0,27
1059,568,121,Savings,Active,2020-11-18,,USD,34236.71,0.95,0,0,3
1060,558,7,Current,Dormant,2016-08-28,,USD,29993.85,2.74,0,0,7
1061,351,373,Savings,Active,2023-02-28,,USD,22630.52,2.54,0,0,30
1062,730,121,Savings,Closed,2018-01-24,2024-11-01,USD,36491.37,1.94,1000,1,32
1063,308,106,Salary,Active,2023-08-02,,USD,31534.95,0.62,1000,0,23
1064,545,457,Current,Active,2025-08-22,,USD,18878.83,2.65,0,0,14
1065,124,297,Savings,Active,2022-10-29,,USD,30032.81,4.86,0,0,11
1066,451,490,Savings,Active,2026-01-25,,USD,17409.9,4.62,0,0,5
1067,538,127,Salary,Active,2025-12-18,,USD,21112.65,0.66,0,0,28
1068,103,163,Fixed Deposit,Active,2025-08-23,,USD,6282.1,0.84,0,0,38
1069,498,354,Current,Dormant,2019-05-24,,USD,1199.46,4.25,0,0,35
1070,787,500,Current,Dormant,2017-10-18,,USD,25112.9,4.0,2000,0,18
1071,588,2,Savings,Active,2022-01-02,,USD,31701.67,2.08,0,0,40
1072,624,265,Savings,Active,2021-11-26,,USD,28919.57,3.49,500,1,26
1073,621,279,Fixed Deposit,Active,2022-05-27,,USD,162024.33,1.49,1000,0,8
1074,425,203,Current,Active,2023-09-19,,USD,4143.52,5.04,0,0,32
1075,294,26,Current,Active,2025-03-07,,USD,10795.0,4.65,0,0,14
1076,755,365,Fixed Deposit,Active,2025-12-13,,USD,148800.58,3.41,0,1,29
1077,16,35,Salary,Dormant,2023-08-19,,USD,7013.99,2.65,2000,0,14
1078,479,27,Current,Dormant,2024-04-28,,USD,24095.04,1.36,0,0,11
1079,677,353,Current,Active,2022-11-05,,USD,29550.03,1.8,1000,1,6
1080,241,197,Current,Active,2022-02-04,,USD,25506.09,3.48,1000,0,10
1081,115,44,Fixed Deposit,Closed,2022-09-01,2023-08-12,USD,182752.64,3.19,2000,0,19
1082,678,269,Savings,Dormant,2021-09-25,,USD,2712.73,3.23,500,1,20
1083,548,72,Savings,Active,2018-06-18,,USD,42579.54,4.92,1000,0,15
1084,585,234,Fixed Deposit,Active,2017-09-25,,USD,233130.12,3.2,0,0,17
1085,554,24,Savings,Active,2022-10-21,,USD,29829.57,4.64,0,0,25
1086,577,45,Savings,Active,2023-04-26,,USD,34289.73,3.84,0,0,32
1087,691,435,Current,Active,2018-07-19,,USD,26795.53,2.62,1000,0,26
1088,593,500,Fixed Deposit,Closed,2022-01-06,2026-03-05,USD,119310.07,3.68,0,0,23
1089,235,380,Savings,Dormant,2018-02-11,,USD,3523.88,3.4,0,0,3
1090,507,477,Current,Active,2021-10-15,,USD,21681.56,3.87,2000,0,15
1091,342,385,Savings,Active,2019-03-17,,USD,41860.96,3.41,2000,0,26
1092,187,153,Current,Dormant,2020-05-08,,USD,41643.33,4.01,0,0,25
1093,393,288,Savings,Active,2021-02-03,,USD,27337.08,0.63,500,0,10
1094,67,236,Savings,Active,2022-09-18,,USD,4150.54,1.21,0,0,16
1095,646,216,Savings,Active,2023-09-04,,USD,-484.38,5.34,0,0,26
1096,546,369,Current,Active,2025-03-11,,USD,39555.21,1.19,0,0,10
1097,771,278,Savings,Active,2018-04-12,,USD,18833.61,3.62,0,0,5
1098,220,441,Savings,Dormant,2024-06-01,,USD,44737.06,1.74,2000,0,39
1099,656,434,Savings,Dormant,2019-01-07,,USD,8807.98,2.54,0,0,27
1100,1,181,Savings,Active,2025-10-22,,USD,41284.95,2.11,1000,0,22
1101,799,441,Salary,Dormant,2021-12-12,,USD,15894.39,5.28,0,0,17
1102,128,326,Savings,Active,2018-09-19,,USD,936.24,1.47,0,0,37
1103,427,213,Salary,Active,2018-08-23,,USD,33185.27,4.98,2000,0,34
1104,130,371,Savings,Active,2024-06-11,,USD,33761.87,3.65,1000,0,1
1105,411,245,Salary,Active,2024-01-26,,USD,11853.19,2.71,500,0,7
1106,232,446,Savings,Active,2022-05-14,,USD,17450.64,2.38,0,0,40
1107,680,284,Current,Dormant,2023-07-21,,USD,31299.07,3.41,2000,0,29
1108,320,494,Current,Active,2017-11-17,,USD,30835.36,4.83,0,0,17
1109,322,428,Current,Active,2020-08-26,,USD,27423.22,4.11,2000,0,31
1110,370,130,Current,Active,2024-08-03,,USD,31111.88,2.26,0,0,28
1111,700,387,Savings,Dormant,2024-12-17,,USD,23970.69,4.36,500,0,21
1112,255,219,Fixed Deposit,Active,2020-07-27,,USD,25047.08,3.4,0,0,4
1113,389,257,Savings,Active,2017-12-11,,USD,29350.91,3.36,0,0,38
1114,257,93,Savings,Closed,2017-10-25,2018-06-07,USD,44938.12,3.91,0,0,36
1115,629,231,Savings,Active,2016-07-29,,USD,14372.79,2.68,0,0,20
1116,323,225,Salary,Active,2018-07-26,,USD,19660.87,3.19,0,0,20
1117,787,168,Fixed Deposit,Active,2025-05-20,,USD,126630.14,3.54,500,0,24
1118,265,426,Savings,Active,2020-11-17,,USD,5451.68,3.67,500,0,19
1119,56,57,Savings,Active,2021-06-27,,USD,27174.93,1.64,0,0,28
1120,165,455,Savings,Active,2021-03-08,,USD,12882.11,5.32,500,0,31
1121,711,349,Current,Active,2017-03-03,,USD,34253.31,3.57,500,0,6
1122,182,147,Salary,Active,2021-02-08,,USD,16449.17,5.36,1000,0,17
1123,547,425,Current,Active,2025-04-29,,USD,2228.57,4.3,1000,0,31
1124,603,273,Fixed Deposit,Active,2019-05-28,,USD,123658.83,3.29,0,1,12
1125,592,315,Salary,Active,2022-01-13,,USD,41848.0,4.99,0,0,27
1126,270,453,Savings,Dormant,2021-10-24,,USD,2964.36,4.15,0,0,34
1127,258,121,Salary,Dormant,2025-07-12,,USD,15067.84,2.65,2000,0,25
1128,771,281,Savings,Active,2018-07-13,,USD,43803.48,3.68,0,1,33
1129,180,162,Savings,Active,2017-07-21,,USD,31109.58,1.66,0,1,24
1130,771,141,Savings,Active,2024-06-17,,USD,19030.3,2.03,0,0,30
1131,347,394,Savings,Active,2023-11-03,,USD,39542.48,1.06,0,0,29
1132,293,410,Current,Active,2017-01-09,,USD,32759.24,2.96,1000,0,6
1133,462,233,Fixed Deposit,Active,2024-04-05,,USD,51609.67,3.82,2000,0,11
1134,502,88,Savings,Dormant,2020-02-19,,USD,24756.54,2.4,0,0,31
1135,363,380,Savings,Active,2024-03-26,,USD,35954.42,0.84,500,1,3
1136,262,174,Salary,Active,2024-12-26,,USD,17090.89,5.47,0,0,35
1137,516,441,Savings,Active,2021-09-15,,USD,9939.4,4.74,0,0,7
1138,528,36,Salary,Active,2017-10-21,,USD,21074.76,1.93,0,0,23
1139,177,146,Savings,Dormant,2025-03-14,,USD,42975.77,1.81,500,0,35
1140,216,436,Current,Active,2018-10-06,,USD,2501.06,3.51,0,0,36
1141,110,8,Current,Active,2021-10-09,,USD,40920.85,4.13,0,0,39
1142,127,77,Current,Closed,2022-04-26,2026-05-28,USD,22818.4,1.78,1000,0,40
1143,582,307,Savings,Active,2025-03-19,,USD,22909.41,1.28,2000,0,20
1144,323,255,Current,Active,2021-05-26,,USD,21310.03,1.87,500,0,17
1145,386,123,Savings,Active,2021-04-08,,USD,32664.92,3.49,2000,1,17
1146,180,141,Savings,Active,2021-12-04,,USD,24831.99,1.63,500,0,16
1147,244,300,Salary,Active,2019-08-21,,USD,4629.2,3.73,1000,0,26
1148,161,468,Current,Closed,2018-03-12,2024-06-18,USD,23027.19,3.07,0,0,36
1149,218,87,Savings,Active,2023-05-05,,USD,4822.27,1.43,0,1,2
1150,65,367,Current,Active,2019-11-16,,USD,16762.81,0.73,0,0,39
1151,688,461,Current,Dormant,2021-05-10,,USD,21378.51,2.43,0,0,19
1152,194,198,Savings,Active,2017-12-03,,USD,2307.89,4.12,1000,0,21
1153,666,128,Current,Active,2022-08-21,,USD,22720.23,0.74,500,0,36
1154,657,72,Savings,Active,2020-02-09,,USD,38919.13,3.44,2000,0,3
1155,4,105,Salary,Closed,2016-08-19,2025-01-14,USD,20295.5,4.26,0,0,18
1156,338,396,Current,Active,2023-10-26,,USD,2891.25,0.6,2000,0,28
1157,685,207,Savings,Active,2026-05-22,,USD,93.41,3.74,0,0,6
1158,726,48,Salary,Dormant,2024-01-02,,USD,42388.12,5.43,0,0,35
1159,332,53,Savings,Dormant,2018-02-07,,USD,41192.01,1.84,1000,0,34
1160,630,8,Savings,Active,2018-11-24,,USD,8356.45,2.6,0,0,10
1161,387,282,Salary,Active,2019-02-23,,USD,17939.17,2.44,500,0,34
1162,240,285,Savings,Active,2025-08-10,,USD,40345.63,3.33,500,0,32
1163,630,38,Savings,Active,2022-09-21,,USD,26406.97,1.4,500,0,37
1164,466,476,Savings,Active,2024-06-26,,USD,10272.01,0.61,0,0,23
1165,466,451,Fixed Deposit,Active,2024-11-27,,USD,139789.0,4.86,500,0,6
1166,567,454,Savings,Closed,2021-12-22,2022-06-27,USD,40328.17,2.34,0,1,30
1167,370,177,Current,Closed,2016-09-09,2025-01-08,USD,4858.92,2.93,0,0,9
1168,500,155,Savings,Active,2017-09-12,,USD,2895.59,3.21,2000,0,18
1169,95,322,Salary,Active,2018-03-10,,USD,5768.57,1.83,0,0,31
1170,343,271,Current,Active,2023-08-01,,USD,36407.91,4.91,0,0,24
1171,273,487,Savings,Dormant,2025-05-11,,USD,15270.82,1.97,500,0,3
1172,327,231,Salary,Active,2025-01-13,,USD,37943.94,1.21,0,0,1
1173,728,305,Savings,Active,2016-03-27,,USD,2383.3,2.5,2000,1,27
1174,282,28,Current,Active,2017-07-21,,USD,5688.57,4.74,500,1,33
1175,167,488,Current,Active,2022-01-04,,USD,32310.94,4.44,0,0,32
1176,533,346,Fixed Deposit,Dormant,2024-02-12,,USD,45732.92,3.94,2000,0,6
1177,140,223,Savings,Closed,2023-08-08,2025-05-26,USD,24172.14,5.16,0,0,5
1178,61,419,Savings,Active,2019-08-17,,USD,31259.68,5.24,0,0,24
1179,2,323,Savings,Active,2016-04-01,,USD,36230.44,5.41,2000,0,12
1180,438,43,Salary,Active,2019-02-25,,USD,16004.09,5.24,500,0,37
1181,140,106,Savings,Active,2020-12-23,,USD,36339.62,3.47,2000,0,31
1182,263,481,Salary,Closed,2022-10-22,2025-08-23,USD,3441.38,3.02,0,0,21
1183,716,154,Savings,Active,2018-01-03,,USD,35783.92,3.11,500,0,37
1184,219,459,Salary,Active,2022-05-17,,USD,26580.6,1.9,500,0,27
1185,751,47,Fixed Deposit,Active,2018-01-16,,USD,128691.87,1.21,500,0,20
1186,552,44,Savings,Active,2016-01-19,,USD,34691.8,0.68,0,0,23
1187,794,297,Current,Active,2020-04-29,,USD,30649.41,0.84,0,0,24
1188,449,135,Current,Dormant,2020-11-23,,USD,10509.02,4.86,0,0,4
1189,416,458,Savings,Active,2018-03-11,,USD,1270.76,2.65,0,0,15
1190,735,132,Salary,Closed,2022-03-07,2022-08-06,USD,22403.78,3.24,0,0,15
1191,392,489,Fixed Deposit,Dormant,2026-01-28,,USD,242263.34,1.99,0,0,22
1192,343,28,Savings,Active,2017-07-06,,USD,12089.86,0.75,0,0,22
1193,361,42,Savings,Active,2016-07-03,,USD,8872.54,1.41,0,0,35
1194,342,479,Salary,Active,2017-07-28,,USD,21949.0,4.0,2000,0,39
1195,105,472,Savings,Closed,2017-07-31,2019-06-18,USD,44853.55,2.81,1000,1,7
1196,616,364,Savings,Active,2017-03-25,,USD,12919.4,5.21,2000,0,12
1197,173,336,Savings,Active,2023-02-25,,USD,16378.18,1.67,0,0,6
1198,699,92,Fixed Deposit,Dormant,2023-04-18,,USD,166732.01,1.41,0,0,37
1199,366,463,Fixed Deposit,Active,2020-10-17,,USD,214989.9,4.3,2000,1,6
1200,328,58,Savings,Dormant,2020-11-09,,USD,41837.81,5.03,0,1,38
