loan_id,customer_id,branch_id,loan_type,principal_amount,interest_rate,tenure_months,emi_amount,disbursed_date,status,outstanding_balance,credit_score_at_approval,collateral_value,approved_by_employee_id
1,608,190,Auto,36039,4.24,240,222.97,2022-10-26,Pending Approval,24765.96,355,12337.82,7
2,290,380,Home,141896,9.28,48,3549.98,2025-02-26,Closed,0,522,78532.24,10
3,712,273,Business,170407,14.38,240,2166.24,2024-02-23,Active,126663.1,302,62792.46,27
4,727,116,Business,122353,10.89,60,2653.54,2017-09-06,Active,111888.08,720,1173.42,17
5,57,416,Business,149143,6.26,360,919.27,2025-08-17,Closed,0,494,150301.42,34
6,788,356,Education,81189,5.86,120,895.67,2017-10-15,Active,44547.37,770,0,19
7,374,35,Auto,51549,8.6,24,2345.55,2017-08-27,Closed,0,671,50896.74,19
8,449,225,Home,299053,14.05,84,5612.52,2020-06-05,Active,123224.83,359,34227.52,39
9,715,101,Home,527098,6.55,12,45498.8,2020-07-12,Active,416151.92,441,150118.17,34
10,652,313,Personal,19808,12.53,180,244.52,2021-05-12,Defaulted,10497.67,748,0,38
11,14,347,Education,24087,10.16,360,214.23,2023-03-14,Pending Approval,19896.79,381,0,22
12,590,181,Auto,10430,9.32,48,261.14,2016-02-12,Active,2005.46,467,2438.43,25
13,262,139,Personal,4258,14.18,360,51.06,2023-04-13,Pending Approval,3925.97,740,0,37
14,344,421,Personal,18668,12.88,48,499.7,2018-01-10,Closed,0,688,0,20
15,195,290,Home,322801,3.77,84,4378.21,2022-09-14,Active,6403.1,308,365870.79,15
16,776,13,Personal,10519,12.39,240,118.7,2016-11-21,Closed,0,735,0,9
17,342,441,Personal,10825,4.52,48,246.95,2020-02-12,Active,3763.43,849,0,6
18,513,267,Auto,24647,12.04,84,435.61,2024-07-04,Closed,0,326,14893.63,31
19,652,144,Business,323764,3.62,120,3219.8,2017-10-04,Pending Approval,161991.95,374,42858.85,20
20,285,348,Personal,1977,7.43,36,61.43,2021-09-24,Defaulted,1053.32,377,0,16
21,20,407,Home,340851,12.3,36,11370.03,2022-09-03,Closed,0,597,340025.02,21
22,341,277,Home,459154,11.64,48,12010.29,2023-01-15,Active,362381.21,487,276644.41,21
23,122,489,Personal,21045,14.41,60,494.17,2023-06-09,Active,4364.67,722,0,31
24,600,199,Education,15421,3.64,360,70.46,2026-01-28,Active,2155.46,563,0,36
25,452,424,Business,300717,8.75,48,7447.71,2016-01-03,Closed,0,692,214323.14,8
26,33,127,Home,413230,7.92,84,6424.23,2019-01-13,Active,343636.35,334,525325.26,36
27,188,76,Home,239663,7.43,36,7447.31,2022-01-29,Pending Approval,141100.18,535,94946.19,21
28,542,318,Business,278123,5.67,36,8419.52,2024-06-02,Closed,0,381,183917.9,14
29,323,97,Personal,20308,10.11,60,432.58,2021-11-21,Pending Approval,16460.33,308,0,25
30,378,91,Business,100707,12.38,60,2259.56,2017-02-07,Closed,0,472,19305.17,1
31,203,378,Personal,2836,4.46,120,29.34,2019-05-15,Active,2127.81,387,0,8
32,484,212,Business,279466,10.79,120,3816.5,2022-06-25,Active,273627.2,680,14457.85,20
33,788,18,Home,575814,10.44,180,6343.64,2020-12-31,Closed,0,832,660737.79,9
34,602,143,Personal,14878,10.43,48,380.42,2017-08-02,Active,2258.29,391,0,16
35,23,497,Home,620940,7.33,120,7315.69,2019-05-12,Active,586973.58,636,237518.38,27
36,739,121,Home,280131,4.85,24,12270.93,2022-04-13,Closed,0,474,150940.97,7
37,451,354,Home,584199,12.58,84,10494.79,2021-03-01,Defaulted,412209.16,603,440855.19,32
38,215,267,Auto,17406,4.54,120,180.73,2019-02-01,Closed,0,708,10782.16,10
39,332,94,Personal,24995,12.88,12,2231.08,2021-09-19,Active,1422.79,500,0,32
40,720,473,Education,38231,5.91,120,422.72,2017-12-16,Closed,0,765,0,23
41,721,316,Personal,8260,8.0,360,60.61,2021-10-19,Active,1893.6,478,0,2
42,325,81,Auto,8577,8.6,120,106.8,2025-12-29,Closed,0,542,9965.75,40
43,724,387,Auto,28540,4.68,360,147.68,2021-07-17,Active,11519.97,427,4211.76,22
44,587,438,Home,613281,5.42,120,6631.43,2019-04-21,Active,201074.29,766,382634.02,20
45,550,386,Home,605042,10.77,60,13085.79,2025-08-16,Closed,0,491,573273.1,8
46,245,291,Auto,49659,9.41,84,809.34,2025-07-25,Active,29827.34,754,33627.66,9
47,694,81,Business,171607,10.31,12,15111.73,2025-10-20,Closed,0,716,190267.39,23
48,81,39,Personal,11173,7.27,24,501.61,2019-01-11,Defaulted,6721.79,330,0,13
49,785,123,Business,398861,7.2,60,7935.62,2024-01-20,Defaulted,362079.11,806,183280.42,26
50,306,6,Home,143873,13.69,120,2207.13,2017-02-20,Active,64725.92,651,183420.01,38
51,551,160,Home,184995,10.05,180,1993.63,2025-11-12,Active,53999.06,311,228124.91,35
52,666,255,Business,369935,12.11,84,6552.15,2020-01-14,Active,12036.31,450,42842.48,38
53,123,146,Personal,22172,10.39,84,372.56,2021-01-10,Active,16249.67,470,0,10
54,135,22,Home,395889,6.47,120,4489.2,2022-01-25,Closed,0,566,503849.06,25
55,432,251,Home,188379,4.98,180,1487.73,2021-12-14,Active,170797.73,600,163150.19,31
56,232,386,Auto,37879,14.05,180,505.72,2025-12-05,Active,18987.05,437,40433.78,25
57,192,58,Auto,10138,4.57,48,231.5,2017-06-13,Active,7549.96,486,6251.41,12
58,248,480,Home,614602,5.99,24,27236.77,2025-12-20,Closed,0,807,320700.28,29
59,677,495,Auto,14011,10.09,12,1232.38,2024-12-26,Pending Approval,9605.74,761,7548.63,1
60,501,265,Home,373869,10.52,48,9575.92,2025-01-12,Active,311703.71,345,433879.79,10
61,426,146,Business,134841,14.17,240,1693.45,2019-08-27,Active,77073.42,737,172127.71,34
62,419,37,Auto,9897,12.16,48,261.4,2016-12-19,Closed,0,352,7086.52,8
63,412,226,Education,89788,7.95,240,748.23,2021-07-20,Defaulted,80434.27,522,0,10
64,155,102,Auto,54189,9.12,12,4741.92,2016-11-01,Closed,0,558,47774.62,32
65,43,279,Home,415435,5.51,12,35661.51,2017-03-10,Closed,0,565,407873.72,16
66,298,95,Home,341634,4.86,36,10217.62,2026-03-05,Closed,0,359,397155.08,12
67,212,34,Home,366346,10.14,120,4869.74,2021-06-22,Closed,0,732,135322.25,8
68,234,402,Home,519217,9.07,12,45423.15,2016-05-29,Active,498484.35,389,29951.13,11
69,430,91,Personal,14028,10.53,84,236.74,2025-02-03,Active,1935.22,842,0,29
70,514,485,Auto,33960,13.23,180,434.83,2019-10-05,Closed,0,391,20786.63,26
71,45,232,Auto,31293,4.75,24,1369.37,2016-06-14,Closed,0,509,22194.83,39
72,129,48,Auto,13689,5.73,240,95.95,2023-06-25,Active,11915.58,601,2985.5,15
73,121,173,Home,570466,12.03,48,15030.96,2017-11-29,Closed,0,550,550806.91,8
74,685,82,Home,436230,6.61,60,8557.84,2018-10-23,Active,163514.36,760,554277.5,18
75,18,63,Personal,21788,7.45,48,526.3,2023-05-02,Active,3561.52,368,0,24
76,281,10,Personal,8079,10.43,60,173.37,2017-11-19,Active,3262.27,798,0,27
77,466,140,Auto,37764,7.95,12,3284.16,2025-11-14,Closed,0,434,18332.92,5
78,299,193,Personal,3469,9.17,240,31.59,2021-11-04,Active,228.02,323,0,32
79,36,70,Personal,5018,13.21,120,75.55,2025-04-04,Active,1885.27,634,0,17
80,636,417,Business,127397,6.89,24,5697.54,2019-08-22,Closed,0,382,90900.75,17
81,341,332,Personal,13940,3.82,24,604.23,2020-10-27,Active,2060.29,785,0,20
82,98,159,Education,20261,13.19,12,1811.46,2016-07-08,Active,2436.22,437,0,8
83,371,78,Home,134836,11.86,84,2370.14,2018-06-05,Closed,0,628,45983.89,25
84,751,279,Home,409481,5.49,24,18054.49,2016-03-04,Defaulted,352631.07,706,248646.85,31
85,67,375,Home,566092,8.38,48,13921.16,2017-06-21,Active,428287.5,376,286272.57,33
86,319,495,Auto,20027,9.99,120,264.55,2018-01-16,Closed,0,782,12063.12,21
87,303,398,Home,148514,10.81,48,3824.73,2017-04-14,Closed,0,623,96830.89,29
88,556,145,Auto,46858,9.46,12,4107.8,2023-08-13,Closed,0,449,18544.04,2
89,589,500,Home,207738,4.14,12,17702.16,2017-07-24,Closed,0,763,136986.98,34
90,241,382,Education,62832,9.79,12,5517.8,2022-08-07,Closed,0,312,0,35
91,500,81,Home,634367,3.7,360,2919.88,2016-08-30,Closed,0,483,289454.12,28
92,416,24,Education,70425,7.88,36,2202.97,2021-04-13,Active,49227.99,806,0,38
93,285,453,Education,48246,9.72,48,1217.17,2024-09-13,Closed,0,674,0,33
94,592,49,Auto,38578,5.16,180,308.3,2016-05-17,Active,5451.65,569,23116.57,29
95,316,457,Personal,7252,12.09,60,161.65,2018-11-13,Active,5320.7,583,0,32
96,311,426,Education,78688,14.1,180,1053.21,2021-12-14,Active,5284.82,301,0,8
97,163,119,Auto,28090,7.3,84,428.08,2026-02-03,Active,19905.59,608,15221.2,17
98,432,288,Home,644013,10.18,120,8575.0,2020-03-07,Active,359223.15,387,777032.91,27
99,356,331,Personal,15959,4.02,24,693.16,2022-09-12,Active,5028.19,565,0,4
100,710,356,Education,43309,8.56,120,538.36,2019-08-03,Active,8707.8,705,0,16
101,790,347,Education,24666,5.53,120,268.06,2026-05-14,Active,20811.2,372,0,7
102,654,466,Auto,13686,14.11,48,374.75,2017-09-08,Active,6026.09,580,1908.78,20
103,203,103,Education,71105,5.18,36,2136.83,2024-11-11,Closed,0,838,0,31
104,9,299,Home,159114,12.37,48,4219.05,2020-04-01,Active,134542.21,322,75622.99,20
105,647,357,Personal,7468,3.51,360,33.58,2018-03-12,Active,680.46,668,0,34
106,754,225,Home,471474,4.55,36,14035.44,2017-03-28,Defaulted,415280.05,663,198251.16,13
107,133,420,Auto,53532,4.55,180,410.89,2021-11-03,Closed,0,843,53617.21,12
108,214,113,Auto,46847,11.27,12,4146.32,2020-01-02,Active,41944.15,799,49698.45,7
109,697,6,Home,491651,9.89,24,22662.25,2025-03-26,Closed,0,634,361752.52,4
110,732,430,Home,287726,3.59,60,5245.84,2016-02-21,Closed,0,666,246677.78,19
111,431,7,Auto,15647,11.71,180,184.88,2025-12-01,Active,992.82,681,1147.39,11
112,451,240,Home,529564,12.59,360,5688.82,2022-08-27,Active,321385.5,374,145618.16,18
113,96,117,Home,346073,14.28,48,9505.64,2016-03-16,Closed,0,691,299658.86,1
114,785,454,Auto,12327,5.87,120,136.05,2017-06-01,Closed,0,471,7368.79,3
115,164,172,Home,219226,8.18,180,2117.88,2018-09-22,Pending Approval,105271.45,599,107644.73,12
116,449,176,Home,148879,5.6,360,854.68,2017-10-19,Defaulted,61214.49,342,162459.66,32
117,433,191,Home,305335,11.03,180,3476.18,2020-01-04,Active,27631.39,386,57212.73,9
118,481,231,Auto,13129,8.37,120,161.87,2023-05-27,Active,257.19,559,13338.34,14
119,662,62,Home,414343,11.52,120,5830.22,2017-06-12,Defaulted,309855.32,787,49312.57,27
120,16,109,Personal,14597,6.69,84,218.1,2023-04-23,Active,7537.5,645,0,8
121,315,476,Education,25459,7.69,84,392.89,2021-12-24,Active,20879.3,660,0,35
122,469,354,Personal,7442,7.91,12,647.06,2019-10-14,Active,2956.34,490,0,13
123,799,453,Auto,21205,9.57,180,222.32,2020-11-21,Defaulted,13049.7,610,3530.12,39
124,499,117,Home,188285,10.08,120,2496.55,2024-04-03,Active,37466.36,607,85448.14,13
125,397,389,Home,149665,3.82,24,6487.21,2022-08-12,Pending Approval,114824.1,414,74580.26,16
126,319,39,Personal,4918,5.32,60,93.53,2026-05-09,Active,2827.02,731,0,18
127,168,285,Personal,11907,12.92,12,1063.05,2023-04-06,Active,9755.66,390,0,24
128,5,245,Business,197379,5.32,60,3753.79,2019-05-27,Active,147745.47,443,146308.99,16
129,755,10,Education,89436,14.46,180,1218.82,2025-03-17,Closed,0,312,0,16
130,125,493,Auto,10151,3.86,360,47.65,2023-03-11,Closed,0,632,12876.11,22
131,634,215,Education,42857,10.77,180,480.94,2024-05-26,Defaulted,32554.22,620,0,34
132,678,328,Personal,3433,3.71,84,46.47,2023-12-11,Active,3094.06,718,0,6
133,389,498,Business,378102,11.65,60,8343.95,2019-03-06,Active,301023.1,485,352085.57,16
134,555,274,Business,385753,13.02,12,34458.03,2025-11-07,Active,82408.59,778,39652.06,18
135,347,456,Personal,21613,5.26,48,500.28,2026-01-03,Active,9879.91,399,0,24
136,21,144,Education,56922,13.47,36,1930.84,2019-10-29,Active,18150.37,633,0,13
137,625,272,Home,188301,11.86,180,2243.0,2020-04-01,Active,176960.16,692,52349.3,11
138,27,134,Home,293496,7.0,180,2638.03,2024-02-03,Pending Approval,185706.41,576,156353.7,26
139,140,190,Home,314680,6.72,36,9676.17,2021-03-01,Active,216055.59,732,370014.32,19
140,247,438,Home,225220,9.52,36,7216.57,2016-07-08,Closed,0,576,114644.01,4
141,157,398,Personal,1757,6.36,24,78.16,2019-12-18,Closed,0,677,0,7
142,721,245,Auto,32506,4.42,48,740.08,2025-05-28,Active,7195.73,491,26294.74,15
143,110,370,Home,377389,13.0,12,33707.36,2024-03-20,Closed,0,370,291257.91,40
144,487,429,Auto,28904,10.15,84,482.08,2019-10-08,Closed,0,541,13793.04,36
145,534,445,Business,174421,8.28,24,7910.88,2019-03-02,Closed,0,815,156070.45,15
146,745,399,Business,204761,5.5,180,1673.07,2025-10-14,Active,163449.22,447,53196.91,29
147,374,427,Education,27065,11.62,60,596.86,2018-04-12,Closed,0,765,0,38
148,782,264,Auto,35428,14.15,12,3183.48,2019-06-10,Pending Approval,19057.93,370,26347.29,19
149,395,337,Auto,8367,12.76,120,123.75,2016-09-06,Active,1975.3,782,8757.31,37
150,102,95,Auto,17627,10.93,48,454.98,2019-12-19,Active,2039.17,706,11290.17,6
151,768,139,Personal,11955,12.57,24,565.95,2020-06-20,Active,11578.45,726,0,4
152,406,163,Auto,11069,3.96,24,480.47,2021-09-19,Closed,0,592,3738.82,29
153,632,472,Business,350775,9.44,180,3650.19,2021-08-02,Defaulted,255538.81,743,352048.43,37
154,670,1,Home,380000,9.69,180,4011.74,2024-07-26,Pending Approval,270599.54,512,460645.53,10
155,143,6,Auto,37557,4.29,36,1113.68,2019-09-08,Active,18525.36,335,40279.93,25
156,363,296,Home,229079,9.2,48,5722.42,2025-02-06,Active,77585.15,492,179107.66,35
157,643,24,Auto,24598,8.02,120,298.7,2018-01-25,Active,3767.83,449,7653.18,5
158,178,89,Home,464742,7.43,180,4289.75,2023-10-14,Pending Approval,319929.88,797,358556.37,26
159,215,269,Personal,15609,4.53,360,79.37,2018-10-15,Closed,0,827,0,13
160,231,497,Home,272092,4.26,48,6175.29,2018-01-24,Active,48647.19,838,86701.43,10
161,13,141,Auto,41792,6.67,180,367.97,2019-02-02,Active,22492.04,732,30063.01,39
162,176,304,Education,20794,12.6,48,553.73,2023-09-21,Closed,0,818,0,36
163,105,420,Personal,6735,14.47,36,231.73,2018-05-19,Defaulted,5269.72,845,0,38
164,207,221,Business,319296,6.28,12,27521.78,2025-10-14,Closed,0,688,23507.03,3
165,376,249,Home,208207,10.74,180,2332.59,2019-09-05,Active,195389.14,731,234584.54,36
166,172,410,Auto,36151,3.84,36,1064.75,2021-09-11,Active,10602.18,662,6741.59,4
167,704,331,Personal,17112,4.38,240,107.15,2020-06-19,Active,10807.49,521,0,37
168,144,360,Home,297295,5.36,180,2407.12,2017-08-31,Active,40307.7,431,255350.81,16
169,378,441,Education,13678,4.06,12,1165.06,2020-05-03,Defaulted,5798.32,318,0,24
170,352,442,Personal,2841,11.94,240,31.16,2021-02-24,Defaulted,2254.38,333,0,38
171,597,70,Business,325811,11.06,120,4499.12,2020-07-09,Closed,0,767,226761.09,4
172,444,75,Business,252651,5.82,180,2107.52,2020-01-29,Active,35613.58,351,71076.57,32
173,787,19,Home,495585,10.84,180,5583.11,2019-02-14,Active,481302.95,770,225881.07,24
174,512,246,Home,372903,5.6,120,4065.48,2019-04-06,Defaulted,172408.31,755,118047.83,40
175,68,91,Personal,5899,3.94,360,27.96,2017-08-09,Defaulted,3210.97,494,0,8
176,61,338,Auto,51008,10.74,60,1102.44,2024-12-18,Active,49060.22,658,43703.15,13
177,452,438,Personal,19176,10.0,240,185.05,2024-06-13,Active,6700.18,410,0,26
178,384,427,Business,151708,12.96,60,3448.72,2020-12-03,Closed,0,513,2181.91,8
179,794,120,Business,398219,3.9,48,8973.6,2021-06-18,Pending Approval,339028.81,346,231223.13,19
180,152,155,Auto,33709,11.42,12,2985.87,2016-01-18,Active,31674.8,678,27263.87,12
181,264,335,Auto,11536,12.84,360,126.17,2021-04-16,Defaulted,5008.7,576,7898.6,11
182,90,491,Business,304937,13.33,60,6989.88,2022-05-05,Active,170770.44,548,392849.74,37
183,117,498,Personal,24762,6.43,180,214.75,2018-07-16,Closed,0,745,0,29
184,114,341,Business,322561,11.49,240,3437.66,2024-01-20,Active,320075.5,668,199948.87,33
185,227,161,Home,213544,9.47,240,1986.33,2022-10-10,Active,184102.9,784,39209.88,36
186,19,439,Auto,33683,9.55,120,436.77,2024-01-13,Active,883.72,524,23711.62,5
187,695,389,Home,546473,14.09,60,12740.98,2022-05-09,Active,336132.81,506,115053.77,23
188,72,149,Auto,16819,6.6,84,250.57,2018-04-10,Active,1907.62,768,1323.25,7
189,270,387,Home,590953,9.15,36,18833.43,2024-08-19,Active,31872.0,699,711228.37,1
190,254,465,Education,62149,12.01,60,1382.78,2018-08-15,Active,47522.54,343,0,13
191,760,310,Auto,14376,8.79,360,113.51,2018-07-16,Active,109.21,776,2416.9,3
192,668,179,Home,467519,13.16,24,22261.86,2026-02-27,Active,371394.2,559,565910.32,27
193,563,401,Business,24431,12.52,12,2176.61,2020-06-26,Active,24082.69,729,17197.67,37
194,57,470,Home,333508,12.1,120,4804.17,2022-03-21,Active,51427.02,535,432792.47,37
195,252,230,Education,32144,14.0,360,380.87,2019-07-06,Closed,0,805,0,18
196,10,337,Business,286578,14.21,84,5403.78,2021-07-30,Active,84722.71,733,312027.04,19
197,471,315,Business,393080,11.26,240,4127.11,2019-09-16,Active,267927.7,765,411299.2,17
198,77,416,Personal,13376,8.3,84,210.49,2023-12-13,Closed,0,613,0,9
199,83,142,Home,524034,10.77,240,5327.23,2024-03-25,Active,494903.42,374,451492.54,21
200,492,234,Home,646415,12.24,60,14457.66,2019-04-28,Active,237056.89,815,800077.05,6
201,530,208,Home,256021,13.79,84,4768.19,2016-08-14,Active,28640.21,788,122601.56,9
202,406,324,Home,526202,12.83,360,5751.01,2026-05-11,Active,509232.56,391,156512.9,4
203,346,252,Personal,23423,4.95,12,2004.65,2016-05-01,Active,3126.52,635,0,13
204,269,441,Business,265159,5.93,120,2934.5,2017-10-27,Active,98829.27,452,280263.38,11
205,398,484,Home,551015,5.37,360,3083.81,2018-10-20,Active,313760.02,819,202994.13,36
206,390,2,Home,617600,5.28,36,18587.77,2020-10-29,Active,275030.98,603,340704.23,17
207,668,463,Home,144469,13.67,48,3923.96,2023-08-19,Closed,0,423,51858.46,11
208,100,348,Personal,16702,7.58,180,155.59,2016-02-01,Active,1720.44,706,0,15
209,440,497,Personal,14044,10.23,360,125.64,2020-10-07,Closed,0,413,0,30
210,749,457,Home,613278,9.75,48,15480.79,2018-12-02,Active,567282.43,772,185143.19,21
211,74,141,Auto,35358,13.85,12,3172.2,2025-07-23,Closed,0,571,42430.43,40
212,26,117,Personal,3349,6.83,60,66.05,2023-11-24,Closed,0,338,0,30
213,27,162,Education,21065,13.7,84,391.28,2023-11-25,Active,19972.63,787,0,23
214,578,375,Personal,7481,13.05,360,83.05,2021-11-27,Closed,0,478,0,22
215,336,181,Personal,3411,10.56,48,87.43,2023-04-05,Closed,0,435,0,35
216,481,433,Personal,14871,13.02,360,164.74,2020-08-26,Closed,0,405,0,14
217,357,30,Personal,22019,10.92,48,568.24,2025-07-11,Closed,0,720,0,25
218,676,466,Education,55195,5.82,60,1062.46,2021-02-07,Closed,0,442,0,1
219,438,64,Education,77205,8.95,84,1240.2,2017-06-23,Active,71636.19,621,0,30
220,545,469,Education,5900,9.16,24,269.97,2026-02-14,Closed,0,482,0,24
221,350,344,Personal,6363,14.28,60,148.98,2019-04-12,Active,997.37,659,0,24
222,334,229,Auto,39681,4.34,120,408.19,2022-08-12,Active,39279.55,845,41799.6,18
223,446,16,Personal,16909,12.32,12,1504.88,2025-08-08,Closed,0,619,0,35
224,224,363,Home,189404,3.95,360,898.79,2022-12-12,Closed,0,603,242597.05,6
225,75,475,Personal,10299,11.85,36,341.34,2026-02-04,Active,104.43,529,0,19
226,628,277,Education,13365,11.43,12,1183.9,2016-01-19,Active,1334.65,312,0,10
227,303,493,Auto,20379,5.01,180,161.26,2021-11-08,Active,13319.08,788,12456.57,12
228,1,401,Personal,5202,7.41,48,125.56,2016-04-18,Closed,0,402,0,25
229,742,366,Personal,8626,13.84,180,113.95,2020-05-23,Active,1044.5,545,0,33
230,478,290,Home,299492,12.33,120,4354.17,2019-06-28,Active,71781.06,707,12379.78,13
231,406,370,Home,259101,8.41,60,5304.62,2026-05-04,Defaulted,117779.31,432,163209.17,23
232,185,277,Personal,20446,13.54,360,234.83,2017-02-22,Pending Approval,17270.5,304,0,22
233,520,22,Personal,21842,13.19,24,1040.36,2016-05-26,Closed,0,392,0,23
234,768,278,Personal,6993,7.98,60,141.73,2017-05-19,Closed,0,644,0,10
235,95,8,Personal,4380,10.55,240,43.88,2023-04-06,Active,4196.78,723,0,31
236,117,436,Personal,2625,7.77,36,81.98,2016-01-19,Closed,0,647,0,16
237,596,390,Education,27229,11.51,12,2413.03,2026-05-03,Active,9380.71,474,0,30
238,84,385,Home,368297,13.53,84,6806.62,2016-03-29,Closed,0,425,465570.17,37
239,640,224,Personal,4868,13.2,360,54.61,2017-12-04,Active,2500.93,558,0,26
240,382,401,Business,43953,3.72,180,318.98,2021-11-09,Active,30955.55,477,29704.88,38
241,746,263,Auto,49578,7.28,120,582.82,2019-03-31,Closed,0,845,32553.74,14
242,590,130,Home,440445,14.15,360,5271.04,2019-07-30,Closed,0,335,439780.6,34
243,547,397,Business,171804,12.59,48,4574.19,2025-03-19,Active,30732.52,706,211892.4,31
244,254,295,Business,314098,4.88,24,13763.04,2017-06-13,Closed,0,391,212084.23,1
245,472,299,Home,167688,4.67,84,2344.17,2020-10-31,Closed,0,378,98745.72,21
246,110,231,Business,173868,12.96,36,5854.95,2018-10-04,Active,107030.59,302,55170.77,37
247,87,39,Home,413897,9.12,48,10323.44,2023-02-14,Active,387328.58,720,177482.9,8
248,412,475,Home,344256,9.16,60,7172.95,2023-01-01,Pending Approval,201674.0,597,175471.02,28
249,101,416,Home,457379,13.38,48,12356.77,2018-06-03,Active,217290.23,810,427293.61,21
250,465,419,Personal,12200,6.46,84,180.93,2018-05-01,Closed,0,770,0,20
251,410,486,Personal,10867,4.16,60,200.92,2021-02-12,Closed,0,592,0,17
252,14,372,Personal,13773,7.16,24,617.65,2024-12-09,Closed,0,718,0,3
253,667,213,Education,60514,3.62,36,1776.4,2023-11-25,Active,32614.65,590,0,15
254,536,491,Business,398581,10.59,24,18501.22,2017-12-16,Active,388566.77,333,136079.76,2
255,377,248,Education,70585,7.29,60,1407.35,2024-04-21,Closed,0,429,0,20
256,415,50,Personal,2479,8.74,36,78.53,2023-07-20,Closed,0,839,0,37
257,175,312,Home,245468,7.51,84,3766.27,2017-01-17,Closed,0,397,6424.06,15
258,787,301,Home,123973,13.27,84,2273.55,2017-06-25,Pending Approval,77858.67,606,102978.17,17
259,262,457,Business,245524,13.32,24,11709.6,2022-11-03,Active,81438.54,639,154892.48,16
260,311,244,Home,586554,10.59,24,27226.5,2021-12-31,Active,443098.04,616,135123.41,19
261,341,21,Personal,3009,5.37,84,43.05,2018-11-11,Pending Approval,1958.66,649,0,1
262,749,367,Home,435139,13.67,180,5698.77,2025-01-18,Active,308339.7,688,532117.18,34
263,495,13,Personal,12644,12.43,48,335.64,2020-03-05,Closed,0,557,0,31
264,185,437,Home,560978,12.16,240,6239.54,2017-12-03,Active,92914.07,819,341026.68,13
265,186,447,Auto,10885,10.59,84,184.04,2020-10-18,Active,2315.36,672,2441.21,36
266,692,491,Auto,39626,6.99,84,597.87,2018-10-01,Closed,0,358,30486.39,14
267,593,375,Personal,10691,11.42,48,278.5,2021-09-28,Active,1437.66,572,0,5
268,596,58,Education,86162,8.48,360,661.29,2024-10-02,Closed,0,472,0,3
269,417,417,Business,224858,5.23,120,2410.33,2019-12-17,Closed,0,536,206405.45,7
270,236,21,Auto,46986,7.88,84,729.53,2017-11-27,Active,42939.4,690,35356.76,31
271,236,175,Personal,3040,6.84,24,135.89,2022-12-15,Closed,0,799,0,24
272,304,266,Auto,46431,12.21,84,824.86,2017-02-26,Defaulted,35369.15,543,31089.53,29
273,603,120,Education,58112,12.99,360,642.38,2016-07-13,Closed,0,353,0,30
274,108,19,Auto,24555,5.34,360,136.97,2019-10-14,Defaulted,23302.65,440,2617.63,26
275,633,155,Home,518885,6.47,120,5883.92,2018-04-29,Active,268012.78,443,309624.58,33
276,457,122,Auto,31326,11.11,48,811.31,2018-01-02,Pending Approval,26061.97,334,37605.41,27
277,134,240,Auto,43921,5.19,24,1930.61,2023-06-12,Active,13853.31,442,13671.14,6
278,385,198,Business,233210,9.71,180,2464.87,2019-08-24,Closed,0,370,136373.29,5
279,800,205,Personal,20714,12.9,180,260.72,2019-01-17,Active,6713.6,759,0,16
280,663,287,Auto,39748,8.28,180,386.31,2025-12-10,Closed,0,720,7853.41,33
281,232,181,Personal,19961,7.75,24,900.51,2018-09-14,Closed,0,705,0,27
282,534,46,Personal,6685,7.97,180,63.77,2023-11-18,Closed,0,470,0,12
283,622,90,Home,523788,8.98,84,8421.95,2026-03-04,Active,315198.69,605,23624.18,15
284,577,450,Personal,12731,13.95,12,1142.78,2024-04-24,Active,5516.51,593,0,18
285,593,424,Education,5214,12.83,60,118.18,2024-07-30,Defaulted,3128.01,439,0,28
286,101,97,Personal,16838,11.29,36,553.57,2022-07-08,Defaulted,12779.53,703,0,5
287,192,17,Education,63281,8.6,60,1301.36,2022-02-01,Pending Approval,46220.78,761,0,9
288,648,494,Home,482575,5.61,120,5263.55,2019-05-18,Active,241711.99,339,421915.11,6
289,202,77,Home,273154,10.87,84,4658.41,2016-10-25,Active,132321.51,674,4818.67,7
290,638,1,Home,398064,12.24,36,13267.1,2022-12-06,Active,299936.21,635,243696.7,36
291,218,112,Business,228388,9.13,48,5697.55,2025-08-12,Active,190668.78,658,279109.26,19
292,663,304,Business,69460,13.93,48,1895.66,2019-08-01,Active,7296.58,631,22807.82,26
293,593,402,Auto,12829,13.0,60,291.9,2019-09-21,Active,6126.77,752,12526.82,28
294,91,223,Business,395425,10.69,180,4417.72,2023-11-15,Active,183365.78,305,503345.89,20
295,50,198,Personal,9620,6.07,120,107.14,2018-04-16,Closed,0,353,0,40
296,178,229,Home,182304,8.74,180,1820.96,2020-09-22,Closed,0,693,55919.53,15
297,182,261,Home,384973,7.3,180,3525.13,2016-04-28,Active,170362.52,342,275046.97,27
298,17,152,Auto,48791,6.29,48,1152.36,2023-12-19,Active,3546.01,548,34458.51,14
299,735,385,Auto,50645,6.98,84,763.87,2017-05-31,Closed,0,495,1751.75,5
300,799,275,Auto,39580,5.48,180,322.98,2017-12-10,Active,25538.75,643,2520.58,18
301,569,402,Home,192993,11.27,12,17081.36,2024-10-20,Active,23876.44,770,217615.38,5
302,317,121,Personal,16845,12.71,84,303.79,2020-04-30,Active,14780.4,482,0,19
303,294,158,Business,233775,14.49,36,8045.62,2018-01-30,Active,178848.37,717,293109.39,31
304,325,149,Home,607168,3.55,60,11059.05,2020-08-09,Active,504166.48,630,779298.17,23
305,617,149,Business,237533,11.04,180,2705.76,2020-01-05,Closed,0,531,59129.86,4
306,228,64,Personal,22062,5.18,48,509.87,2026-05-23,Active,3587.51,314,0,19
307,759,87,Auto,26264,8.96,24,1199.38,2017-06-18,Active,5326.3,531,20998.77,9
308,738,422,Auto,43990,11.95,360,450.79,2016-11-26,Closed,0,497,23964.04,36
309,281,60,Personal,12694,4.41,360,63.64,2019-04-22,Closed,0,367,0,28
310,797,481,Education,68186,5.04,48,1571.51,2020-12-14,Active,13247.23,381,0,28
311,515,287,Personal,4966,8.62,36,157.04,2026-01-12,Active,3340.98,438,0,31
312,418,332,Auto,10645,9.16,12,931.71,2023-06-28,Closed,0,710,7990.44,20
313,305,231,Home,576180,5.9,12,49563.28,2023-12-10,Active,550272.44,651,200448.35,37
314,452,143,Education,65323,11.73,240,707.0,2023-10-13,Closed,0,349,0,32
315,72,466,Business,73649,12.7,60,1664.45,2023-12-05,Active,67171.52,453,68838.84,35
316,425,349,Home,395685,4.09,360,1909.65,2018-09-05,Active,382026.6,631,384458.92,20
317,507,418,Education,12799,8.27,24,580.44,2017-01-21,Active,1432.63,824,0,33
318,599,265,Personal,4381,10.76,180,49.14,2023-11-05,Active,2420.88,443,0,6
319,204,92,Personal,14103,14.11,60,328.96,2016-04-19,Active,3444.78,763,0,31
320,666,250,Auto,11780,13.52,36,399.87,2018-09-06,Pending Approval,9305.71,310,13457.97,31
321,491,55,Auto,18950,12.02,36,629.59,2017-03-26,Closed,0,465,11935.32,8
322,36,176,Personal,7341,7.85,36,229.53,2026-02-28,Active,6650.55,652,0,23
323,370,484,Home,500876,5.79,84,7266.75,2022-10-27,Defaulted,350718.67,610,332446.81,20
324,735,260,Personal,8986,8.37,24,407.93,2020-02-01,Active,660.37,846,0,29
325,718,321,Home,126109,5.3,180,1017.08,2016-02-23,Active,75773.8,566,19739.56,30
326,727,161,Home,303277,13.72,48,8244.96,2022-06-21,Active,113158.1,390,333027.49,13
327,146,96,Auto,28578,7.93,120,345.67,2016-08-13,Defaulted,26480.14,473,28445.23,5
328,725,176,Personal,21508,10.99,24,1002.34,2021-12-12,Closed,0,753,0,28
329,666,219,Business,82680,9.82,24,3808.4,2016-11-14,Active,3198.72,350,32709.32,25
330,519,421,Home,583332,8.5,120,7232.48,2024-08-31,Closed,0,414,251645.19,34
331,755,109,Personal,24497,5.18,360,134.21,2018-07-03,Active,10234.77,304,0,3
332,610,36,Auto,39371,11.32,120,549.49,2024-03-24,Active,116.21,317,3488.67,3
333,609,346,Business,223664,9.91,84,3702.69,2018-06-12,Closed,0,706,117596.79,7
334,277,399,Personal,20867,14.13,240,261.46,2022-06-10,Active,5934.73,567,0,8
335,136,371,Auto,22397,8.93,24,1022.48,2019-07-02,Closed,0,666,6550.99,26
336,251,466,Home,161235,4.52,12,13767.48,2016-10-07,Active,137573.36,357,67818.8,21
337,573,360,Business,135000,12.32,84,2406.28,2023-10-03,Closed,0,838,79467.65,12
338,98,149,Auto,10009,12.8,240,115.84,2025-10-19,Active,2147.53,312,292.62,14
339,420,437,Personal,16157,5.36,240,109.87,2019-03-28,Active,2363.65,775,0,28
340,321,411,Personal,16878,13.76,12,1513.52,2016-05-03,Closed,0,539,0,18
341,370,386,Auto,28826,9.43,12,2526.63,2019-06-09,Active,19577.33,744,4478.99,15
342,203,125,Personal,15262,12.98,60,347.1,2022-05-30,Defaulted,12004.44,789,0,7
343,352,348,Home,351746,4.36,60,6535.24,2022-02-23,Active,153118.98,756,124425.41,12
344,263,172,Personal,13989,8.26,24,634.34,2017-06-27,Closed,0,356,0,24
345,450,34,Personal,9537,5.21,36,286.73,2024-07-19,Closed,0,580,0,22
346,233,270,Personal,21243,7.96,120,257.29,2025-07-10,Closed,0,607,0,1
347,349,422,Personal,18241,10.08,240,177.0,2023-05-01,Defaulted,7257.42,739,0,23
348,524,319,Business,90044,5.53,12,7730.33,2020-05-12,Active,9172.47,402,79545.4,10
349,517,433,Personal,18346,6.36,120,207.01,2018-05-15,Closed,0,349,0,11
350,215,257,Business,110601,6.14,180,941.7,2024-05-15,Active,51408.56,463,21574.02,22
351,203,456,Home,286637,10.8,240,2919.72,2025-11-13,Active,163488.63,495,203082.42,26
352,58,440,Home,233076,11.96,36,7737.01,2025-12-01,Pending Approval,205149.02,509,293827.88,40
353,327,96,Personal,19801,11.59,84,345.22,2018-03-30,Active,13885.85,508,0,10
354,277,433,Business,278123,7.88,24,12563.53,2024-02-21,Active,10484.34,542,61482.71,15
355,253,45,Auto,51147,3.71,120,510.82,2024-08-14,Closed,0,651,50356.58,7
356,703,427,Education,32895,12.97,240,384.69,2021-07-12,Pending Approval,22707.83,637,0,23
357,615,312,Auto,47169,12.33,36,1574.13,2021-10-16,Active,19559.89,709,51470.58,3
358,38,490,Business,380322,7.97,84,5922.1,2025-12-20,Active,98113.52,570,317815.6,29
359,709,335,Personal,22894,6.09,12,1971.35,2019-03-19,Closed,0,754,0,40
360,48,232,Personal,13122,13.28,120,198.1,2019-08-02,Closed,0,742,0,17
361,542,460,Auto,26288,8.06,120,319.78,2025-09-29,Defaulted,21469.26,358,24487.17,4
362,605,261,Business,261403,9.37,48,6551.05,2022-11-06,Active,178305.01,359,237079.12,21
363,468,291,Auto,43279,12.07,48,1141.19,2022-10-09,Closed,0,718,54660.03,36
364,391,466,Personal,12217,14.01,120,189.76,2016-08-05,Active,10406.29,616,0,5
365,119,400,Auto,23368,11.94,120,334.45,2019-11-05,Closed,0,388,13018.65,29
366,138,456,Home,320464,10.08,48,8140.11,2024-06-30,Closed,0,382,374710.42,5
367,118,171,Business,289313,6.68,60,5685.17,2020-03-04,Pending Approval,158350.76,674,90019.6,17
368,35,154,Auto,15937,8.88,12,1392.83,2019-10-25,Closed,0,715,12235.88,18
369,457,221,Home,420329,11.03,240,4347.17,2024-12-11,Active,203671.01,328,542748.7,7
370,244,484,Education,11635,5.59,60,222.73,2017-07-04,Active,3887.87,640,0,18
371,311,179,Auto,17707,7.76,240,145.47,2017-10-30,Closed,0,435,6405.34,39
372,569,107,Personal,5229,6.4,180,45.26,2023-07-10,Active,2145.76,754,0,21
373,712,403,Home,313196,3.96,60,5762.33,2017-02-11,Active,109289.64,657,288878.68,21
374,609,208,Business,297625,13.55,12,26659.91,2018-08-29,Pending Approval,250631.48,414,37132.68,14
375,544,194,Education,76143,12.21,120,1101.69,2020-11-28,Active,49680.3,760,0,18
376,651,64,Personal,13504,4.19,60,249.86,2023-12-28,Active,6811.29,448,0,10
377,722,393,Home,184551,5.35,12,15828.56,2020-08-06,Pending Approval,145443.8,374,144965.72,32
378,788,174,Education,30540,6.22,180,261.36,2020-11-09,Active,12503.27,750,0,34
379,648,200,Home,584980,7.11,12,50646.09,2022-04-25,Active,154461.29,457,181106.07,31
380,161,489,Personal,16469,9.88,60,348.95,2016-08-31,Active,15863.3,418,0,26
381,74,399,Business,360748,6.37,180,3116.78,2023-06-25,Defaulted,134076.6,639,235255.54,38
382,770,96,Education,29424,11.63,60,649.03,2019-01-18,Active,20012.62,817,0,28
383,271,472,Home,504171,9.31,120,6471.52,2016-04-02,Active,17441.52,558,376.31,9
384,360,36,Home,481170,9.48,60,10100.76,2018-12-21,Active,50998.41,404,385069.35,17
385,113,50,Home,215337,7.91,24,9730.27,2018-09-11,Closed,0,377,92771.03,32
386,189,375,Personal,22035,13.75,60,509.86,2025-04-28,Closed,0,826,0,9
387,150,7,Home,613951,12.49,24,29041.49,2021-06-06,Closed,0,545,717768.41,22
388,537,193,Home,592779,4.26,180,4462.35,2023-05-14,Closed,0,480,62124.3,33
389,70,335,Personal,4036,3.97,24,175.21,2022-09-26,Active,165.29,517,0,13
390,668,298,Business,75265,7.52,84,1155.18,2018-08-04,Closed,0,647,22748.88,26
391,270,393,Home,191083,4.71,24,8358.28,2025-03-12,Closed,0,623,96656.76,38
392,620,463,Auto,31560,8.41,12,2751.34,2019-11-18,Active,19504.7,410,37832.21,31
393,544,119,Auto,51914,5.88,12,4465.19,2025-07-13,Active,32754.48,446,12918.03,3
394,479,324,Home,383449,4.56,12,32748.84,2016-11-17,Active,260095.11,824,390866.06,29
395,161,95,Home,570811,12.0,240,6285.12,2016-05-25,Closed,0,588,394455.16,37
396,650,439,Business,230485,8.22,60,4697.71,2022-10-20,Active,126558.85,769,95271.62,12
397,30,428,Home,446839,9.32,360,3698.72,2017-08-19,Active,283803.96,523,313479.4,15
398,277,65,Home,243255,7.53,12,21107.54,2026-03-21,Closed,0,661,136463.02,7
399,164,383,Education,76173,3.73,240,450.83,2021-01-14,Active,38989.9,816,0,10
400,604,257,Home,553445,12.71,180,6897.15,2017-03-27,Active,269833.53,629,67509.06,19
401,90,256,Business,314312,4.62,36,9366.68,2022-09-10,Closed,0,608,289000.19,8
402,589,87,Education,52467,6.3,120,590.43,2019-05-04,Active,41667.73,616,0,8
403,429,293,Auto,19081,12.46,120,278.85,2020-04-01,Active,12019.5,336,21374.76,10
404,16,405,Personal,13877,5.5,120,150.6,2023-02-12,Active,11313.73,760,0,17
405,581,487,Home,481477,6.09,84,7054.48,2017-03-12,Pending Approval,208687.79,403,151956.86,4
406,42,297,Home,507347,7.63,180,4740.73,2023-01-04,Active,43990.6,554,251694.37,9
407,617,54,Education,18170,8.65,84,289.12,2020-11-14,Active,9011.31,455,0,31
408,711,174,Personal,2253,7.12,24,101.0,2017-04-26,Active,768.92,348,0,2
409,213,39,Home,285649,6.65,120,3265.33,2025-05-28,Active,246819.92,635,136460.21,25
410,219,156,Business,28364,6.42,360,177.79,2025-12-30,Pending Approval,14061.74,846,21826.86,17
411,654,234,Home,612638,5.8,84,8891.13,2024-06-04,Closed,0,742,635926.05,12
412,235,238,Home,622825,10.62,48,15982.54,2025-06-22,Active,414530.17,388,85262.54,6
413,220,18,Education,56257,9.78,360,484.57,2018-03-23,Closed,0,627,0,27
414,156,271,Auto,25201,11.55,240,269.62,2017-09-07,Closed,0,364,20022.8,8
415,11,419,Home,449162,7.09,48,10774.51,2017-02-28,Active,91032.37,725,393650.34,22
416,225,211,Personal,2408,10.64,12,212.42,2020-06-13,Defaulted,1901.57,666,0,20
417,327,34,Auto,44094,4.97,360,235.9,2023-02-19,Pending Approval,16683.61,301,53384.77,3
418,580,24,Personal,7971,11.26,48,207.02,2016-11-13,Active,532.25,578,0,5
419,188,191,Personal,23045,11.52,120,324.27,2016-07-22,Active,9977.18,552,0,32
420,331,191,Personal,2258,6.13,60,43.79,2021-03-30,Active,502.88,455,0,19
421,249,322,Home,348260,13.5,180,4521.52,2018-05-19,Active,214258.72,399,226797.05,2
422,180,68,Auto,45726,12.44,180,561.8,2022-06-10,Closed,0,808,16483.06,9
423,683,498,Business,171732,3.85,60,3151.09,2017-08-19,Active,78220.47,357,188499.76,15
424,789,263,Personal,15897,9.44,36,508.78,2022-03-08,Active,13712.82,670,0,13
425,270,459,Personal,3619,11.77,120,51.44,2018-07-25,Pending Approval,2996.55,765,0,40
426,178,257,Home,244741,6.97,360,1623.34,2021-11-27,Defaulted,89921.27,535,130516.93,11
427,236,257,Auto,10188,7.06,60,202.02,2016-10-14,Active,4632.85,665,8567.18,30
428,793,247,Home,159787,8.56,24,7267.61,2019-05-10,Closed,0,483,84161.56,35
429,252,35,Personal,8833,4.84,84,124.18,2018-04-08,Active,4693.14,523,0,23
430,787,108,Home,449137,11.87,24,21115.18,2020-10-17,Defaulted,219816.64,510,293996.63,9
431,264,406,Business,369026,8.96,12,32265.02,2024-02-07,Pending Approval,298086.86,380,312011.35,23
432,12,133,Business,291396,10.3,12,25659.01,2017-03-09,Active,269608.37,527,257478.93,17
433,151,415,Home,188914,13.04,84,3440.83,2016-04-12,Active,87565.3,362,35149.41,22
434,350,497,Business,62980,9.0,84,1013.29,2017-06-04,Pending Approval,26452.94,819,21018.43,21
435,792,3,Personal,4119,8.88,48,102.27,2021-05-08,Closed,0,446,0,1
436,108,232,Home,388796,6.3,60,7570.87,2020-09-12,Closed,0,756,190440.77,9
437,209,385,Personal,13714,8.37,24,622.56,2016-01-04,Pending Approval,11139.27,358,0,34
438,49,312,Auto,12011,5.31,240,81.34,2022-09-13,Closed,0,780,10097.24,28
439,645,47,Auto,37025,3.59,48,829.21,2019-08-10,Closed,0,398,31852.8,21
440,758,310,Personal,16357,10.18,84,273.07,2022-03-12,Active,6407.12,726,0,13
441,781,394,Auto,22727,9.39,12,1991.62,2022-06-11,Active,16069.73,462,6776.81,12
442,469,415,Business,39843,4.99,240,262.73,2023-08-05,Defaulted,19108.22,326,8907.22,22
443,621,49,Home,618991,7.25,60,12329.91,2019-11-20,Active,467396.74,553,794862.8,35
444,519,178,Business,367657,11.88,180,4384.16,2018-01-17,Closed,0,480,147189.73,19
445,239,118,Personal,12921,5.53,120,140.42,2018-08-25,Active,7053.04,458,0,39
446,703,216,Home,214498,8.62,24,9761.93,2019-04-23,Active,150034.19,531,14800.88,18
447,258,416,Auto,9025,5.04,24,396.1,2016-02-09,Closed,0,607,3311.11,17
448,151,93,Home,379191,4.21,24,16501.81,2026-04-17,Active,339293.15,799,193800.04,9
449,264,185,Business,383535,10.73,24,17827.7,2016-01-23,Closed,0,626,141622.22,2
450,289,233,Personal,7311,5.57,240,50.58,2024-01-31,Defaulted,2821.58,636,0,15
451,538,251,Business,26821,8.79,180,268.7,2019-12-06,Active,24582.07,312,29177.04,33
452,677,51,Home,231298,10.56,120,3128.8,2024-05-27,Closed,0,820,186745.98,1
453,41,50,Personal,11104,11.93,48,292.03,2018-07-17,Closed,0,723,0,33
454,335,58,Home,290721,10.42,36,9438.18,2021-02-23,Closed,0,566,374723.61,17
455,703,109,Personal,21189,13.53,180,275.52,2022-05-20,Active,6053.69,371,0,1
456,617,477,Home,484048,8.07,48,11832.94,2025-03-28,Active,291838.85,718,257976.85,19
457,382,194,Personal,21802,13.31,12,1950.47,2023-10-04,Active,2688.64,758,0,4
458,82,270,Home,311923,7.7,120,3735.22,2019-03-24,Closed,0,368,72792.84,35
459,487,44,Personal,14018,8.69,120,175.23,2019-08-10,Active,3937.09,412,0,10
460,256,59,Business,341883,5.91,48,8015.03,2016-07-29,Pending Approval,170696.77,527,342007.24,4
461,690,21,Auto,54107,12.38,24,2556.62,2022-03-11,Active,51271.61,315,37203.28,5
462,371,204,Business,71160,9.96,24,3282.36,2021-03-28,Active,15788.38,412,86601.28,40
463,710,27,Auto,24796,5.73,12,2131.03,2020-09-17,Closed,0,786,20645.39,23
464,419,483,Education,87250,10.84,12,7704.79,2020-02-17,Closed,0,360,0,27
465,150,222,Business,166122,7.04,84,2510.48,2018-06-23,Active,13288.04,646,129281.52,21
466,452,465,Auto,18654,10.98,120,256.75,2024-02-11,Active,625.03,742,19195.69,25
467,740,51,Personal,5916,11.49,48,154.31,2018-11-01,Active,1814.43,332,0,33
468,351,267,Personal,9474,3.95,240,57.16,2022-04-18,Active,289.35,577,0,36
469,709,490,Personal,10664,6.03,24,472.78,2023-06-27,Pending Approval,6781.98,516,0,14
470,225,497,Business,50837,13.18,12,4544.92,2018-02-21,Pending Approval,35970.49,365,60969.67,31
471,454,375,Auto,18473,11.94,240,202.63,2020-04-01,Active,12265.69,334,19876.07,35
472,13,216,Personal,7590,13.54,24,362.77,2023-03-08,Active,3029.0,528,0,7
473,118,18,Home,135332,9.75,360,1162.71,2023-01-28,Active,62665.55,413,117650.7,29
474,445,369,Home,617467,12.42,120,9009.42,2019-02-06,Closed,0,362,784709.26,25
475,21,61,Auto,18671,9.93,36,601.85,2016-09-18,Active,17749.38,395,1027.38,38
476,388,427,Home,399289,10.51,240,3989.1,2023-05-28,Closed,0,372,164637.18,33
477,269,289,Home,229971,10.01,360,2019.86,2017-07-10,Defaulted,89448.48,637,3704.81,30
478,341,156,Auto,43892,7.16,24,1968.34,2024-03-19,Closed,0,651,36283.9,17
479,633,25,Personal,19528,7.64,180,182.58,2021-08-22,Pending Approval,8663.8,791,0,10
480,140,261,Business,257462,6.14,120,2876.49,2017-01-01,Active,73589.61,543,21461.33,22
481,200,60,Home,229423,8.68,24,10447.48,2016-10-14,Active,145561.87,707,186801.55,9
482,644,464,Business,137421,11.81,12,12197.48,2018-07-15,Active,109699.43,787,88666.45,7
483,563,5,Business,300673,13.16,24,14317.15,2021-09-21,Active,205134.01,610,388967.83,14
484,575,112,Business,365742,4.49,24,15962.21,2017-05-17,Closed,0,311,441363.44,34
485,694,425,Auto,40057,6.79,180,355.36,2017-10-18,Active,26018.11,693,191.12,38
486,47,487,Home,179881,3.56,84,2422.49,2016-07-03,Active,19573.63,506,35358.11,10
487,491,205,Personal,11036,14.47,180,150.47,2023-10-25,Active,8067.67,348,0,1
488,269,244,Home,389418,8.93,120,4918.24,2017-01-15,Active,2742.53,474,26329.8,39
489,56,33,Auto,36353,11.82,180,432.1,2018-07-19,Active,19757.34,480,29764.3,21
490,213,433,Personal,3748,12.76,60,84.82,2019-11-28,Active,2637.21,343,0,20
491,8,188,Auto,49713,6.81,180,441.57,2017-01-17,Closed,0,397,38569.38,18
492,341,105,Auto,21169,7.67,120,253.16,2019-03-27,Active,12684.94,670,26581.99,15
493,699,126,Home,368582,13.65,360,4265.32,2017-07-20,Active,45509.34,660,298476.46,37
494,755,81,Business,178124,12.03,180,2141.23,2017-01-09,Closed,0,498,67151.76,11
495,718,111,Auto,31563,5.93,36,959.21,2021-07-29,Active,12104.25,759,33698.97,33
496,633,416,Auto,24445,8.27,60,498.82,2021-09-11,Defaulted,11916.87,639,31276.09,30
497,26,345,Auto,16877,9.82,12,1482.34,2019-10-07,Closed,0,320,17369.52,22
498,394,242,Home,290306,6.36,24,12913.68,2018-06-16,Closed,0,834,244424.15,11
499,580,47,Auto,52295,4.11,360,252.99,2016-04-29,Active,25420.99,745,52780.97,12
500,507,22,Business,253864,7.78,24,11456.13,2021-09-23,Closed,0,345,41979.91,5
501,275,381,Auto,31847,13.74,360,370.8,2018-01-19,Active,17105.22,434,3236.29,6
502,376,187,Personal,7489,6.5,180,65.24,2023-08-13,Active,78.98,665,0,37
503,673,483,Business,250870,13.69,84,4658.45,2025-03-07,Active,108180.42,850,89199.2,21
504,94,160,Business,112306,9.8,360,969.01,2022-12-31,Active,53887.98,626,112096.76,7
505,417,89,Auto,39567,13.95,360,467.25,2021-06-12,Defaulted,30752.42,329,3005.13,34
506,356,421,Auto,16761,7.23,240,132.27,2023-07-15,Active,6708.06,415,12582.93,1
507,253,467,Home,618263,6.57,120,7042.29,2022-08-20,Active,264979.22,607,111543.85,14
508,33,333,Personal,19959,11.32,60,437.15,2018-04-25,Active,826.43,792,0,15
509,767,206,Home,560837,9.31,360,4638.27,2024-10-04,Active,32868.98,526,282086.99,29
510,475,228,Home,469242,4.02,120,4755.31,2018-06-22,Active,127960.03,453,135110.33,5
511,646,396,Home,548241,5.33,360,3054.63,2021-11-20,Closed,0,618,617891.67,22
512,51,275,Education,63747,10.24,24,2948.67,2022-12-14,Pending Approval,23860.24,545,0,15
513,513,304,Home,132901,10.37,24,6155.43,2016-11-22,Pending Approval,41917.1,458,147627.13,19
514,792,366,Auto,45934,13.81,48,1250.84,2025-10-09,Active,19131.36,769,52587.75,17
515,673,222,Education,77256,8.59,180,764.85,2020-12-26,Closed,0,336,0,37
516,778,47,Personal,23213,7.74,12,2016.47,2018-07-23,Active,7790.53,543,0,26
517,230,383,Home,143849,8.33,84,2265.78,2019-12-17,Active,108091.53,775,52301.06,25
518,543,441,Personal,15216,4.24,120,155.8,2016-02-18,Pending Approval,12420.6,824,0,8
519,321,71,Personal,2662,13.05,84,48.5,2023-10-20,Active,949.94,350,0,40
520,283,93,Home,470308,14.17,60,10984.74,2022-03-03,Active,321399.85,686,60005.93,39
521,66,289,Personal,10051,8.55,180,99.27,2019-03-10,Closed,0,795,0,40
522,1,417,Auto,48052,6.96,84,724.29,2021-01-23,Closed,0,460,30940.74,3
523,365,445,Business,121411,11.07,84,2083.32,2021-01-08,Active,113416.2,597,146880.34,33
524,552,146,Auto,32083,12.79,36,1077.76,2016-06-24,Closed,0,602,34370.21,19
525,234,466,Education,24446,10.64,12,2156.48,2016-03-29,Active,16989.19,401,0,23
526,181,258,Home,593705,11.25,36,19507.5,2017-05-07,Active,152685.22,777,721708.3,27
527,364,390,Auto,23146,11.13,240,240.96,2018-09-04,Active,14887.88,361,463.09,12
528,209,406,Education,31938,7.3,48,769.25,2023-06-21,Pending Approval,17282.8,753,0,24
529,363,57,Business,146530,13.34,240,1752.32,2024-02-17,Active,87610.62,821,175563.9,18
530,389,7,Personal,24131,10.97,240,248.58,2026-01-24,Active,7729.22,804,0,28
531,594,160,Home,448763,12.24,120,6500.86,2025-07-06,Active,281204.31,798,44451.99,36
532,793,42,Home,642704,12.58,84,11545.8,2020-10-03,Active,422326.81,844,81177.46,9
533,713,151,Auto,18596,13.98,240,230.98,2020-07-07,Active,6398.67,711,16082.11,9
534,597,200,Personal,15723,12.15,84,278.82,2018-10-20,Active,2320.43,559,0,23
535,74,25,Education,28154,3.89,12,2395.9,2019-10-21,Active,5565.45,780,0,1
536,59,438,Business,130967,10.29,24,6061.01,2024-04-09,Closed,0,363,47735.86,9
537,18,426,Auto,14422,13.77,60,333.86,2024-04-10,Active,5109.92,424,11634.29,23
538,302,264,Auto,39924,3.81,84,542.23,2022-12-28,Pending Approval,33753.09,790,41887.64,5
539,59,163,Home,334029,8.56,60,6862.78,2024-09-22,Closed,0,772,400278.29,10
540,53,397,Home,443611,4.19,360,2166.75,2019-05-04,Closed,0,847,466989.95,32
541,448,331,Business,32016,10.74,24,1488.33,2017-11-16,Closed,0,322,23311.57,17
542,692,245,Business,93214,12.55,36,3120.58,2020-10-11,Active,39188.32,417,80834.68,18
543,507,219,Education,33106,9.57,240,310.11,2021-07-05,Active,25480.54,682,0,19
544,246,116,Auto,28628,7.15,60,568.9,2016-11-03,Closed,0,469,17509.84,25
545,227,79,Home,471166,10.63,48,12093.04,2017-02-22,Closed,0,523,348207.89,13
546,267,453,Education,39853,8.8,48,987.96,2024-02-19,Pending Approval,25686.95,603,0,19
547,518,107,Auto,54245,4.55,120,563.49,2023-11-06,Active,51531.62,550,36446.93,16
548,61,434,Auto,14753,12.38,360,156.08,2022-06-24,Active,3707.85,676,142.23,25
549,488,198,Business,258326,9.45,120,3335.61,2024-04-25,Active,198381.81,602,68302.15,20
550,399,250,Auto,18230,12.91,360,200.38,2019-03-02,Closed,0,644,22808.91,6
551,309,250,Auto,51415,5.53,240,354.55,2018-09-14,Defaulted,47818.78,795,24958.73,38
552,201,304,Home,134257,6.49,120,1523.78,2019-10-14,Closed,0,416,109975.54,19
553,158,146,Personal,21538,11.34,12,1906.98,2022-04-22,Active,8799.57,715,0,7
554,537,151,Auto,8686,8.58,12,757.91,2017-06-23,Active,3542.86,344,5982.33,11
555,159,119,Home,566865,10.54,60,12195.38,2020-02-13,Pending Approval,421798.34,414,9132.4,26
556,171,500,Home,504637,6.71,360,3259.66,2019-07-11,Active,194716.84,332,180575.56,26
557,579,102,Business,261285,10.74,360,2437.08,2024-07-26,Active,234756.56,312,315201.19,40
558,270,264,Personal,8160,7.93,120,98.7,2022-04-01,Active,93.17,504,0,13
559,221,56,Auto,16002,9.09,180,163.16,2020-09-21,Active,6712.84,387,13144.48,34
560,798,262,Home,295632,7.22,360,2010.72,2021-03-11,Closed,0,598,70513.24,16
561,536,384,Home,568800,12.96,84,10335.22,2018-06-17,Active,2725.07,316,233346.43,13
562,392,279,Auto,31970,11.31,360,311.97,2020-08-24,Active,4172.82,814,9298.45,14
563,494,178,Education,32926,4.43,60,612.79,2023-02-16,Active,5751.37,381,0,17
564,47,112,Auto,46601,4.34,180,352.7,2017-03-18,Active,23665.37,653,38115.99,16
565,288,209,Personal,5823,12.19,240,64.89,2023-11-12,Active,1361.8,816,0,15
566,233,358,Auto,18019,8.83,60,372.56,2021-03-20,Defaulted,8826.16,325,2078.29,31
567,184,211,Home,137834,12.89,24,6545.76,2020-04-28,Defaulted,51205.93,750,54996.95,22
568,636,213,Auto,26947,6.85,60,531.68,2017-06-21,Closed,0,681,20314.04,31
569,457,390,Personal,15292,5.82,12,1314.86,2020-06-07,Pending Approval,11140.22,682,0,11
570,743,54,Business,222674,10.54,180,2466.96,2022-02-02,Closed,0,688,198114.76,7
571,367,30,Education,65619,3.7,360,302.03,2020-03-04,Active,55754.28,401,0,25
572,55,133,Personal,16947,12.17,24,799.1,2017-05-26,Active,2569.87,307,0,34
573,690,444,Home,265031,11.43,120,3715.61,2020-03-08,Closed,0,445,207295.98,2
574,765,421,Home,272222,6.74,60,5356.99,2024-08-20,Active,186293.36,433,14943.45,30
575,665,51,Home,304612,6.13,120,3401.74,2025-08-14,Active,132919.5,445,178850.13,26
576,52,428,Auto,50134,3.75,36,1474.59,2020-08-03,Defaulted,18027.03,732,62025.69,29
577,29,107,Home,432517,13.15,36,14604.48,2018-04-12,Active,289083.48,765,87199.74,35
578,131,38,Personal,20821,10.37,240,206.06,2016-04-06,Closed,0,846,0,12
579,442,119,Personal,5504,12.65,36,184.52,2019-10-14,Active,3367.41,793,0,26
580,209,265,Home,357294,10.84,84,6087.73,2018-02-28,Closed,0,586,53150.26,26
581,638,70,Business,322341,4.48,360,1629.43,2017-01-09,Pending Approval,216079.37,360,226215.01,34
582,119,358,Business,27713,8.76,360,218.22,2021-09-02,Active,1096.28,421,2666.7,38
583,391,483,Home,610683,12.93,24,29012.91,2024-11-15,Active,197451.07,759,567768.73,33
584,780,93,Home,232078,7.42,36,7210.55,2020-12-22,Closed,0,424,82462.74,15
585,21,177,Business,387110,7.92,120,4680.36,2018-12-25,Pending Approval,350171.04,553,307083.72,6
586,765,323,Auto,22863,8.71,36,723.96,2026-05-04,Active,9522.63,797,17748.76,23
587,101,404,Auto,16079,4.48,12,1372.65,2017-09-22,Active,9168.07,604,19730.23,25
588,390,236,Education,77765,7.52,24,3500.1,2017-06-15,Active,34865.5,743,0,29
589,161,52,Home,227475,7.6,120,2712.06,2023-02-27,Pending Approval,156967.75,782,255557.56,7
590,159,355,Education,39354,6.35,120,443.86,2025-08-29,Active,7674.78,660,0,1
591,398,272,Personal,24197,8.92,180,244.27,2023-12-06,Active,21577.72,550,0,3
592,419,71,Business,97836,5.12,360,532.4,2019-01-03,Active,6852.0,584,44746.2,14
593,435,444,Auto,16476,11.15,120,228.36,2019-12-19,Active,13774.01,586,11817.02,39
594,124,70,Auto,23995,10.87,360,226.16,2016-09-18,Active,7288.97,778,12079.7,6
595,105,1,Auto,24790,3.61,36,727.61,2019-02-04,Closed,0,648,19992.66,7
596,267,419,Personal,6807,11.23,24,317.99,2020-01-27,Defaulted,3804.82,454,0,4
597,26,391,Personal,3031,11.54,120,42.68,2019-12-21,Active,768.26,696,0,18
598,489,457,Home,563222,10.4,60,12077.96,2021-02-23,Active,459005.41,402,672620.56,36
599,409,408,Auto,35334,5.2,120,378.24,2018-02-18,Active,28142.08,439,7387.83,23
600,739,426,Home,548011,13.68,24,26228.82,2018-04-10,Closed,0,777,660211.24,12
601,532,153,Personal,8107,10.4,36,263.12,2019-02-03,Active,5888.91,401,0,3
602,240,200,Personal,5206,7.28,180,47.61,2023-01-30,Closed,0,740,0,23
603,695,449,Home,306029,5.04,360,1650.32,2016-09-29,Closed,0,800,148218.0,1
604,139,313,Personal,13885,6.18,60,269.6,2020-10-04,Pending Approval,6796.75,697,0,30
605,504,451,Business,306041,5.17,48,7071.5,2024-02-11,Active,163044.59,374,219951.42,13
606,122,171,Home,242360,12.41,36,8097.36,2023-02-15,Active,225918.09,340,301446.18,3
607,420,131,Personal,3825,8.77,180,38.27,2017-10-24,Active,232.33,515,0,17
608,773,129,Personal,12116,11.62,84,211.43,2022-12-27,Active,2764.36,514,0,25
609,54,375,Business,389409,5.77,24,17218.52,2019-11-25,Active,98158.98,505,239477.95,14
610,129,176,Education,23466,11.54,84,408.49,2019-01-29,Closed,0,705,0,28
611,465,188,Business,26087,3.84,48,587.15,2018-05-12,Active,19458.53,722,14995.33,4
612,43,9,Education,27747,4.9,60,522.35,2022-04-05,Closed,0,510,0,1
613,634,179,Personal,16144,8.82,36,512.02,2026-04-25,Closed,0,540,0,26
614,384,332,Auto,46638,7.21,60,928.12,2023-09-05,Defaulted,41891.37,519,28323.88,29
615,435,329,Personal,1640,8.99,60,34.04,2018-02-27,Defaulted,605.89,356,0,18
616,186,87,Home,245222,7.16,120,2867.5,2025-08-12,Defaulted,113604.19,639,315917.18,37
617,164,462,Personal,8713,14.08,120,135.7,2018-09-23,Active,5829.84,581,0,7
618,689,429,Auto,45074,10.98,120,620.38,2016-04-13,Active,33635.14,604,11661.31,39
619,249,347,Home,387954,12.42,360,4116.4,2018-08-09,Pending Approval,170693.01,823,276437.07,13
620,777,155,Home,320651,9.89,180,3424.19,2019-04-06,Active,243704.93,311,135215.61,37
621,767,447,Auto,22450,11.56,48,586.36,2021-08-11,Closed,0,782,27951.19,33
622,256,288,Auto,53372,4.75,24,2335.53,2021-11-20,Active,32723.87,791,39737.7,36
623,27,439,Auto,47946,13.37,84,881.91,2022-03-06,Active,14629.68,783,27137.57,20
624,773,482,Business,59370,4.26,48,1347.44,2025-05-25,Active,21709.96,834,45056.08,15
625,396,230,Education,55345,13.22,48,1490.82,2025-08-27,Active,3096.04,360,0,22
626,115,28,Home,164056,5.45,48,3811.63,2018-04-03,Active,38592.1,724,178386.62,15
627,104,249,Education,17008,11.73,180,201.18,2021-09-27,Active,4937.03,822,0,13
628,756,266,Personal,1260,6.64,60,24.74,2024-02-12,Closed,0,520,0,4
629,394,93,Personal,9042,6.08,36,275.4,2018-05-29,Active,3353.15,789,0,30
630,578,92,Auto,13633,12.08,240,150.87,2016-04-17,Active,5751.66,824,16049.48,32
631,265,419,Auto,25365,12.04,36,842.97,2021-08-21,Closed,0,401,18800.87,17
632,729,38,Education,20121,10.68,240,203.32,2021-01-24,Closed,0,343,0,8
633,470,202,Auto,49566,6.36,60,966.57,2022-04-14,Active,28476.64,378,18859.68,39
634,526,343,Auto,32200,4.94,36,964.2,2022-09-03,Active,29876.02,615,5433.09,13
635,173,149,Home,303702,4.06,360,1460.44,2020-03-07,Active,244843.6,357,381520.23,22
636,46,448,Personal,1501,13.63,120,22.97,2018-05-13,Active,242.14,840,0,19
637,78,283,Education,21000,9.36,240,193.83,2024-10-11,Active,12986.27,472,0,31
638,402,364,Business,174073,13.18,12,15562.43,2023-12-21,Closed,0,828,164769.0,13
639,413,308,Auto,22711,6.81,60,447.67,2022-01-02,Active,21396.22,634,12484.17,40
640,246,16,Personal,24682,6.69,240,186.79,2017-11-19,Active,12759.92,707,0,15
641,731,114,Auto,25594,6.62,120,292.18,2025-11-30,Pending Approval,20687.35,749,17745.13,18
642,50,322,Auto,38258,10.99,24,1782.95,2024-02-13,Active,32569.27,430,23563.96,11
643,285,136,Business,102939,5.34,120,1109.02,2023-05-13,Active,1852.01,411,115687.88,16
644,409,448,Auto,35330,8.81,84,565.03,2025-11-15,Closed,0,669,30958.25,19
645,57,439,Personal,2930,12.57,60,66.02,2017-03-08,Closed,0,378,0,28
646,748,499,Personal,5502,7.78,12,478.05,2022-09-15,Active,4592.22,322,0,9
647,274,357,Home,407176,8.38,60,8330.31,2021-01-09,Closed,0,630,11912.52,26
648,776,106,Home,488543,11.35,84,8455.22,2016-08-07,Active,119159.95,385,596154.24,6
649,410,152,Business,226368,9.16,360,1847.53,2019-06-08,Closed,0,444,73755.92,25
650,323,464,Education,24702,9.29,36,788.86,2018-04-28,Active,5361.04,327,0,13
651,797,437,Personal,22820,6.88,84,343.08,2016-09-02,Closed,0,723,0,26
652,153,405,Personal,19065,14.02,120,296.24,2025-06-15,Pending Approval,13556.78,477,0,17
653,359,433,Education,40366,7.1,240,315.38,2016-07-08,Active,21543.27,584,0,2
654,704,442,Personal,8592,12.45,24,406.26,2023-09-26,Closed,0,481,0,38
655,336,317,Business,96295,12.63,36,3227.42,2023-02-20,Closed,0,317,92434.58,36
656,430,460,Auto,30669,7.52,180,284.65,2022-01-11,Active,22595.0,793,37183.32,27
657,669,50,Home,573801,3.84,36,16900.08,2016-11-07,Active,335384.08,633,362020.06,36
658,595,285,Home,620513,8.42,12,54098.03,2020-09-14,Pending Approval,547216.04,734,765294.05,5
659,507,132,Home,522731,4.98,84,7383.32,2017-05-02,Pending Approval,263115.54,476,635245.27,7
660,283,53,Education,9870,4.23,360,48.44,2017-08-19,Active,7228.61,425,0,35
661,332,204,Personal,4049,14.21,24,194.81,2020-12-30,Active,1291.39,694,0,31
662,133,457,Auto,35200,8.17,24,1594.73,2021-05-26,Active,6311.3,530,6743.9,5
663,268,82,Home,485078,6.46,24,21599.64,2016-03-18,Active,285934.04,401,433225.12,17
664,478,275,Auto,28748,4.22,60,532.3,2021-08-02,Active,27694.46,532,4841.37,36
665,227,141,Personal,20021,9.41,24,918.43,2020-08-24,Closed,0,840,0,12
666,18,64,Business,207275,13.51,48,5613.28,2022-01-28,Active,32130.08,679,233664.87,32
667,756,382,Home,323324,11.18,240,3377.01,2026-04-19,Defaulted,158742.15,684,229221.54,14
668,77,498,Personal,4262,13.81,48,116.06,2020-03-03,Closed,0,539,0,8
669,280,497,Personal,7320,3.57,24,316.47,2016-07-22,Active,6957.35,552,0,20
670,192,48,Home,598733,6.65,48,14240.38,2024-08-13,Closed,0,384,218305.99,22
671,625,128,Home,142048,11.96,48,3737.88,2019-06-27,Defaulted,80056.88,704,63148.87,8
672,560,44,Home,308949,12.26,360,3239.85,2020-08-31,Closed,0,587,375737.6,12
673,294,338,Personal,8183,10.51,180,90.51,2022-05-20,Active,6899.41,716,0,5
674,185,58,Education,87322,13.88,24,4187.63,2024-03-24,Active,82163.18,720,0,19
675,650,115,Auto,37851,14.07,180,505.86,2023-07-29,Closed,0,635,30835.61,10
676,567,247,Home,521082,12.23,36,17364.68,2022-11-01,Pending Approval,232967.11,313,499784.56,14
677,464,232,Personal,5125,6.02,84,74.92,2024-09-02,Active,2031.0,617,0,19
678,429,409,Home,201159,7.08,48,4824.47,2020-12-19,Closed,0,478,252481.19,14
679,356,52,Home,480884,12.34,180,5877.02,2018-12-19,Active,196265.8,727,590553.43,2
680,549,339,Auto,19614,5.03,12,1679.37,2022-05-25,Active,10133.04,393,485.62,15
681,6,109,Business,345139,10.81,48,8888.49,2022-07-02,Pending Approval,121381.94,477,38622.8,38
682,69,114,Personal,7123,9.24,240,65.19,2016-08-04,Pending Approval,4448.84,592,0,32
683,56,207,Auto,8079,11.17,120,112.07,2017-09-05,Active,1777.04,637,7087.16,9
684,1,496,Personal,9458,8.89,120,119.25,2025-01-15,Closed,0,791,0,22
685,311,30,Business,39706,7.69,360,282.81,2017-02-08,Closed,0,578,31152.08,24
686,605,482,Home,267534,4.64,48,6117.59,2017-04-17,Active,19073.56,497,7966.69,38
687,152,169,Auto,54343,6.33,60,1058.96,2018-11-27,Closed,0,738,3232.98,14
688,43,101,Home,576471,4.68,24,25208.05,2024-11-21,Active,326338.94,695,65031.75,20
689,557,102,Home,642664,5.59,240,4453.54,2024-03-26,Active,257759.99,497,183677.96,25
690,679,252,Home,425348,13.85,240,5243.02,2026-04-15,Closed,0,564,29921.62,37
691,124,64,Home,543830,13.51,84,10044.74,2019-09-16,Active,494411.18,711,247373.23,13
692,97,385,Auto,54024,8.92,180,545.38,2023-09-07,Closed,0,680,65828.69,3
693,742,347,Home,150568,3.78,12,12805.72,2021-10-04,Active,117420.89,460,44539.95,25
694,390,449,Auto,37771,14.07,12,3392.59,2021-07-26,Active,9173.18,728,3895.14,32
695,79,268,Auto,33115,3.73,360,152.99,2017-01-23,Defaulted,30879.64,734,30548.44,29
696,570,386,Home,535394,9.32,360,4431.74,2025-10-17,Active,224682.36,504,279242.94,3
697,466,78,Auto,50501,10.64,60,1088.97,2026-01-29,Active,23709.43,356,31014.32,22
698,328,420,Auto,19293,7.54,180,179.29,2020-07-03,Closed,0,755,24159.67,40
699,456,404,Education,66515,6.59,120,758.31,2021-02-16,Active,4857.99,537,0,11
700,56,419,Education,47095,12.78,84,851.13,2022-07-31,Active,35804.25,768,0,25
